arm,estimate_planned,std_error_planned,n_planned,estimate_completers,std_error_completers,n_completers
Cooperation infographic,-0.9470603824483694,1.588978115455864,3772,-0.9470603824483694,1.588978115455864,3772
Bipartisan bills graph,0.3774677396412429,1.537377698261796,3772,0.3774677396412429,1.537377698261796,3772
Bipartisan elite quotes,-0.788627451858317,1.3395760437804978,3772,-0.788627451858317,1.3395760437804978,3772
Shared values exercise,0.7988412649233134,1.699213242642773,3772,0.7988412649233134,1.699213242642773,3772
Cross-partisan dialogue guide,-1.0198483956624262,3.2513358500365577,3772,-1.0198483956624262,3.2513358500365577,3772
Meta-dehumanization correction,0.09809326459060408,1.643571625813311,3772,0.09809326459060408,1.643571625813311,3772
Perception survey (form),0.38404309407138415,1.767998043083454,3772,0.38404309407138415,1.767998043083454,3772
Common-ground articles,-1.5859282754056645,1.8647008632545499,3772,-1.5859282754056645,1.8647008632545499,3772
Patriotic article,-1.9592468781345649,1.2717850843316023,3772,-1.9592468781345649,1.2717850843316023,3772
14th Amendment video,-1.7510789683214014,1.5095576137536444,3772,-1.7510789683214014,1.5095576137536444,3772
Congressional softball video,-1.2151209720290992,1.4958597248787306,3772,-1.2151209720290992,1.4958597248787306,3772
iSideWith quiz,0.3832602625694195,1.332751694072092,3772,0.3832602625694195,1.332751694072092,3772
Rick and Morty perspective-taking,-0.886823489830924,1.5845695105079893,3772,-0.886823489830924,1.5845695105079893,3772
Brené Brown empathy video,-2.1373657308187672,1.5924640166856643,3772,-2.1373657308187672,1.5924640166856643,3772
Perception gap video,-2.307451158803697,0.9970338753331056,3772,-2.307451158803697,0.9970338753331056,3772
'What makes an American' video,-2.3824301825270218,1.402042516226844,3772,-2.3824301825270218,1.402042516226844,3772
McCain defends Obama video,-0.8517673175353615,2.6463195975523335,3772,-0.8517673175353615,2.6463195975523335,3772
Egyptian revolution video,0.3418779318433218,2.468090471372385,3772,0.3418779318433218,2.468090471372385,3772
Cross-partisan friendship TED talk,0.9521844738841323,2.0397847435729863,3772,0.9521844738841323,2.0397847435729863,3772
American history video,1.3553378105286473,2.2833753225797953,3772,1.3553378105286473,2.2833753225797953,3772
Party-tailored videos,1.1125775747884639,1.6404110584112779,3772,1.1125775747884639,1.6404110584112779,3772
Jubilee free speech panel,-1.747207170770976,2.1187696006964427,3772,-1.747207170770976,2.1187696006964427,3772
Jubilee video,0.1625723349406183,2.06932812582178,3772,0.1625723349406183,2.06932812582178,3772
Media-profits-from-division image,-1.4637538634783613,1.909349261358655,3772,-1.4637538634783613,1.909349261358655,3772
Shared priorities (Pew) table,-0.11377621771507496,1.4885347887950178,3772,-0.11377621771507496,1.4885347887950178,3772
Bipartisan legislation examples,0.9692219900864085,1.7489651442337604,3772,0.9692219900864085,1.7489651442337604,3772
Common threat (Russia),-0.8926085800060157,1.7871754030232276,3772,-0.8926085800060157,1.7871754030232276,3772
Pro-democracy excerpt,0.3341586585401144,1.3037438441178646,3772,0.3341586585401144,1.3037438441178646,3772
Biden–DeSantis cooperation,-0.6858804570446111,1.2840603784175433,3772,-0.6858804570446111,1.2840603784175433,3772
"Scandals, both parties (labeled)",-0.48005073034583323,1.799138601411168,3772,-0.48005073034583323,1.799138601411168,3772
Scandals (labels revealed later),-1.3682321771752948,1.7175888810961006,3772,-1.3682321771752948,1.7175888810961006,3772
Perception gap quiz,0.19029502707606527,2.7077275714805307,3772,0.19029502707606527,2.7077275714805307,3772
