term,arm,estimate,std_error,p_value,conf_low,conf_high,n,analysis,sample
"C(arm_code, Treatment(reference='T0'))[T.T1]",Cooperation infographic,-1.1528665625985681,1.5920959753787047,0.4689928285885002,-4.273317334271998,1.9675842090748619,3825,H1,planned_full
"C(arm_code, Treatment(reference='T0'))[T.T2]",Bipartisan bills graph,0.3769248326721537,1.5223485907598158,0.8044483218931548,-2.606823577132391,3.3606732424766985,3825,H1,planned_full
"C(arm_code, Treatment(reference='T0'))[T.T3]",Bipartisan elite quotes,-0.1515180993369427,1.4695689778349168,0.9178806143236691,-3.0318203686907204,2.7287841700168354,3825,H1,planned_full
"C(arm_code, Treatment(reference='T0'))[T.T4]",Shared values exercise,0.8596758825993348,1.690352909916647,0.611048226934003,-2.453354941999772,4.172706707198442,3825,H1,planned_full
"C(arm_code, Treatment(reference='T0'))[T.T5]",Cross-partisan dialogue guide,-1.760126884524653,3.2036375707737488,0.5827206077679337,-8.039141142760588,4.518887373711283,3825,H1,planned_full
"C(arm_code, Treatment(reference='T0'))[T.T6]",Meta-dehumanization correction,-0.023616462654442616,1.6333572943584533,0.9884639114395524,-3.2249379334827983,3.1777050081739135,3825,H1,planned_full
"C(arm_code, Treatment(reference='T0'))[T.T7]",Perception survey (form),0.17233660028375297,1.7425325428705016,0.9212176088548805,-3.242964425631428,3.587637626198934,3825,H1,planned_full
"C(arm_code, Treatment(reference='T0'))[T.T8]",Common-ground articles,-1.6270453864445558,1.867907375356205,0.38372548881305935,-5.2880765685994575,2.033985795710346,3825,H1,planned_full
"C(arm_code, Treatment(reference='T0'))[T.T9]",Patriotic article,-2.1012086109211072,1.2770876849038688,0.0999053382975726,-4.604254478432328,0.4018372565901127,3825,H1,planned_full
"C(arm_code, Treatment(reference='T0'))[T.T10]",14th Amendment video,-1.5615754474118875,1.4941102951493943,0.2959517700535135,-4.4899778148352105,1.3668269200114356,3825,H1,planned_full
"C(arm_code, Treatment(reference='T0'))[T.T11]",Congressional softball video,-2.437074436573505,1.9543474444822142,0.21239690220523622,-6.267525041036537,1.3933761678895276,3825,H1,planned_full
"C(arm_code, Treatment(reference='T0'))[T.T12]",iSideWith quiz,0.3569182977448877,1.3037083933172493,0.7842601706278287,-2.1983031994995,2.9121397949892756,3825,H1,planned_full
"C(arm_code, Treatment(reference='T0'))[T.T13]",Rick and Morty perspective-taking,-0.968085710957669,1.5402212078012751,0.52965234647761,-3.9868638064729507,2.0506923845576126,3825,H1,planned_full
"C(arm_code, Treatment(reference='T0'))[T.T14]",Brené Brown empathy video,-2.1808337492701204,1.594454880338993,0.1713867914303746,-5.305907889708669,0.9442403911684276,3825,H1,planned_full
"C(arm_code, Treatment(reference='T0'))[T.T15]",Perception gap video,-2.332519258775945,0.9949749914832081,0.019062862810337877,-4.28263440760108,-0.3824041099508102,3825,H1,planned_full
"C(arm_code, Treatment(reference='T0'))[T.T16]",'What makes an American' video,-2.647451997075695,1.403025176915621,0.05916574339840385,-5.39733081323325,0.10242681908185958,3825,H1,planned_full
"C(arm_code, Treatment(reference='T0'))[T.T17]",McCain defends Obama video,-0.689366049213648,2.591918373583885,0.7902642392628993,-5.769432712305695,4.3907006138783995,3825,H1,planned_full
"C(arm_code, Treatment(reference='T0'))[T.T18]",Egyptian revolution video,-0.18145737409869422,2.4781285555544907,0.9416282252443248,-5.038500092045763,4.6755853438483745,3825,H1,planned_full
"C(arm_code, Treatment(reference='T0'))[T.T19]",Cross-partisan friendship TED talk,0.7558921637795493,1.978350454371626,0.7024005181688108,-3.121603475587289,4.6333878031463875,3825,H1,planned_full
"C(arm_code, Treatment(reference='T0'))[T.T20]",American history video,1.310812578449136,2.2772789916255114,0.5648823774801663,-3.1525722278865578,5.77419738478483,3825,H1,planned_full
"C(arm_code, Treatment(reference='T0'))[T.T21]",Party-tailored videos,0.8376728619180749,1.5814143251938597,0.5963209591912821,-2.2618422600976036,3.937187983933753,3825,H1,planned_full
"C(arm_code, Treatment(reference='T0'))[T.T22]",Jubilee free speech panel,-1.8754097912940406,2.1505033294081755,0.3831650283295135,-6.09031886556754,2.3394992829794594,3825,H1,planned_full
"C(arm_code, Treatment(reference='T0'))[T.T23]",Jubilee video,0.09760010972429978,2.067856086197457,0.9623548672153176,-3.95532334443467,4.15052356388327,3825,H1,planned_full
"C(arm_code, Treatment(reference='T0'))[T.T24]",Media-profits-from-division image,-2.628872774661165,2.097360151382693,0.21005296362897274,-6.739623133980719,1.4818775846583891,3825,H1,planned_full
"C(arm_code, Treatment(reference='T0'))[T.T25]",Shared priorities (Pew) table,-0.08841519942097203,1.479877728088364,0.9523587822739089,-2.9889222479971247,2.8120918491551805,3825,H1,planned_full
"C(arm_code, Treatment(reference='T0'))[T.T26]",Bipartisan legislation examples,0.8949088353815426,1.7056410366147947,0.5998084771239103,-2.4480861669370184,4.237903837700104,3825,H1,planned_full
"C(arm_code, Treatment(reference='T0'))[T.T27]",Common threat (Russia),-0.9610553391047905,1.764522595293106,0.5859910985965451,-4.419456075786424,2.4973453975768427,3825,H1,planned_full
"C(arm_code, Treatment(reference='T0'))[T.T28]",Pro-democracy excerpt,-0.5793604747181806,1.4727937302519918,0.694042410649646,-3.465983142668484,2.307262193232123,3825,H1,planned_full
"C(arm_code, Treatment(reference='T0'))[T.T29]",Biden–DeSantis cooperation,-0.7339470843347788,1.2768836048717245,0.5654295393984727,-3.236592962333032,1.7686987936634742,3825,H1,planned_full
"C(arm_code, Treatment(reference='T0'))[T.T30]","Scandals, both parties (labeled)",-0.3907259755536764,1.7821331359607182,0.8264582432597877,-3.8836427376921074,3.102190786584755,3825,H1,planned_full
"C(arm_code, Treatment(reference='T0'))[T.T31]",Scandals (labels revealed later),-1.395270133589257,1.6767024551112888,0.4053235466165577,-4.68154655839727,1.8910062912187557,3825,H1,planned_full
"C(arm_code, Treatment(reference='T0'))[T.T32]",Perception gap quiz,0.4980025072178895,2.6707044976209766,0.8520773068641135,-4.736482121468363,5.732487135904142,3825,H1,planned_full
"C(arm_code, Treatment(reference='T0'))[T.T1]",Cooperation infographic,-1.1528665625985681,1.5920959753787047,0.4689928285885002,-4.273317334271998,1.9675842090748619,3825,H1,completers_only
"C(arm_code, Treatment(reference='T0'))[T.T2]",Bipartisan bills graph,0.3769248326721537,1.5223485907598158,0.8044483218931548,-2.606823577132391,3.3606732424766985,3825,H1,completers_only
"C(arm_code, Treatment(reference='T0'))[T.T3]",Bipartisan elite quotes,-0.1515180993369427,1.4695689778349168,0.9178806143236691,-3.0318203686907204,2.7287841700168354,3825,H1,completers_only
"C(arm_code, Treatment(reference='T0'))[T.T4]",Shared values exercise,0.8596758825993348,1.690352909916647,0.611048226934003,-2.453354941999772,4.172706707198442,3825,H1,completers_only
"C(arm_code, Treatment(reference='T0'))[T.T5]",Cross-partisan dialogue guide,-1.760126884524653,3.2036375707737488,0.5827206077679337,-8.039141142760588,4.518887373711283,3825,H1,completers_only
"C(arm_code, Treatment(reference='T0'))[T.T6]",Meta-dehumanization correction,-0.023616462654442616,1.6333572943584533,0.9884639114395524,-3.2249379334827983,3.1777050081739135,3825,H1,completers_only
"C(arm_code, Treatment(reference='T0'))[T.T7]",Perception survey (form),0.17233660028375297,1.7425325428705016,0.9212176088548805,-3.242964425631428,3.587637626198934,3825,H1,completers_only
"C(arm_code, Treatment(reference='T0'))[T.T8]",Common-ground articles,-1.6270453864445558,1.867907375356205,0.38372548881305935,-5.2880765685994575,2.033985795710346,3825,H1,completers_only
"C(arm_code, Treatment(reference='T0'))[T.T9]",Patriotic article,-2.1012086109211072,1.2770876849038688,0.0999053382975726,-4.604254478432328,0.4018372565901127,3825,H1,completers_only
"C(arm_code, Treatment(reference='T0'))[T.T10]",14th Amendment video,-1.5615754474118875,1.4941102951493943,0.2959517700535135,-4.4899778148352105,1.3668269200114356,3825,H1,completers_only
"C(arm_code, Treatment(reference='T0'))[T.T11]",Congressional softball video,-2.437074436573505,1.9543474444822142,0.21239690220523622,-6.267525041036537,1.3933761678895276,3825,H1,completers_only
"C(arm_code, Treatment(reference='T0'))[T.T12]",iSideWith quiz,0.3569182977448877,1.3037083933172493,0.7842601706278287,-2.1983031994995,2.9121397949892756,3825,H1,completers_only
"C(arm_code, Treatment(reference='T0'))[T.T13]",Rick and Morty perspective-taking,-0.968085710957669,1.5402212078012751,0.52965234647761,-3.9868638064729507,2.0506923845576126,3825,H1,completers_only
"C(arm_code, Treatment(reference='T0'))[T.T14]",Brené Brown empathy video,-2.1808337492701204,1.594454880338993,0.1713867914303746,-5.305907889708669,0.9442403911684276,3825,H1,completers_only
"C(arm_code, Treatment(reference='T0'))[T.T15]",Perception gap video,-2.332519258775945,0.9949749914832081,0.019062862810337877,-4.28263440760108,-0.3824041099508102,3825,H1,completers_only
"C(arm_code, Treatment(reference='T0'))[T.T16]",'What makes an American' video,-2.647451997075695,1.403025176915621,0.05916574339840385,-5.39733081323325,0.10242681908185958,3825,H1,completers_only
"C(arm_code, Treatment(reference='T0'))[T.T17]",McCain defends Obama video,-0.689366049213648,2.591918373583885,0.7902642392628993,-5.769432712305695,4.3907006138783995,3825,H1,completers_only
"C(arm_code, Treatment(reference='T0'))[T.T18]",Egyptian revolution video,-0.18145737409869422,2.4781285555544907,0.9416282252443248,-5.038500092045763,4.6755853438483745,3825,H1,completers_only
"C(arm_code, Treatment(reference='T0'))[T.T19]",Cross-partisan friendship TED talk,0.7558921637795493,1.978350454371626,0.7024005181688108,-3.121603475587289,4.6333878031463875,3825,H1,completers_only
"C(arm_code, Treatment(reference='T0'))[T.T20]",American history video,1.310812578449136,2.2772789916255114,0.5648823774801663,-3.1525722278865578,5.77419738478483,3825,H1,completers_only
"C(arm_code, Treatment(reference='T0'))[T.T21]",Party-tailored videos,0.8376728619180749,1.5814143251938597,0.5963209591912821,-2.2618422600976036,3.937187983933753,3825,H1,completers_only
"C(arm_code, Treatment(reference='T0'))[T.T22]",Jubilee free speech panel,-1.8754097912940406,2.1505033294081755,0.3831650283295135,-6.09031886556754,2.3394992829794594,3825,H1,completers_only
"C(arm_code, Treatment(reference='T0'))[T.T23]",Jubilee video,0.09760010972429978,2.067856086197457,0.9623548672153176,-3.95532334443467,4.15052356388327,3825,H1,completers_only
"C(arm_code, Treatment(reference='T0'))[T.T24]",Media-profits-from-division image,-2.628872774661165,2.097360151382693,0.21005296362897274,-6.739623133980719,1.4818775846583891,3825,H1,completers_only
"C(arm_code, Treatment(reference='T0'))[T.T25]",Shared priorities (Pew) table,-0.08841519942097203,1.479877728088364,0.9523587822739089,-2.9889222479971247,2.8120918491551805,3825,H1,completers_only
"C(arm_code, Treatment(reference='T0'))[T.T26]",Bipartisan legislation examples,0.8949088353815426,1.7056410366147947,0.5998084771239103,-2.4480861669370184,4.237903837700104,3825,H1,completers_only
"C(arm_code, Treatment(reference='T0'))[T.T27]",Common threat (Russia),-0.9610553391047905,1.764522595293106,0.5859910985965451,-4.419456075786424,2.4973453975768427,3825,H1,completers_only
"C(arm_code, Treatment(reference='T0'))[T.T28]",Pro-democracy excerpt,-0.5793604747181806,1.4727937302519918,0.694042410649646,-3.465983142668484,2.307262193232123,3825,H1,completers_only
"C(arm_code, Treatment(reference='T0'))[T.T29]",Biden–DeSantis cooperation,-0.7339470843347788,1.2768836048717245,0.5654295393984727,-3.236592962333032,1.7686987936634742,3825,H1,completers_only
"C(arm_code, Treatment(reference='T0'))[T.T30]","Scandals, both parties (labeled)",-0.3907259755536764,1.7821331359607182,0.8264582432597877,-3.8836427376921074,3.102190786584755,3825,H1,completers_only
"C(arm_code, Treatment(reference='T0'))[T.T31]",Scandals (labels revealed later),-1.395270133589257,1.6767024551112888,0.4053235466165577,-4.68154655839727,1.8910062912187557,3825,H1,completers_only
"C(arm_code, Treatment(reference='T0'))[T.T32]",Perception gap quiz,0.4980025072178895,2.6707044976209766,0.8520773068641135,-4.736482121468363,5.732487135904142,3825,H1,completers_only
"C(arm_code, Treatment(reference='T0'))[T.T1]",Cooperation infographic,0.048002424735163585,0.08191200090646014,0.5578591709406993,-0.11254214694311054,0.2085469964134377,3953,H2,planned_full
"C(arm_code, Treatment(reference='T0'))[T.T2]",Bipartisan bills graph,0.046052646833515704,0.07543507615702644,0.5415347445062504,-0.10179738560529225,0.19390267927232366,3953,H2,planned_full
"C(arm_code, Treatment(reference='T0'))[T.T3]",Bipartisan elite quotes,-0.11544233418389369,0.08843065749936083,0.19173761354630459,-0.28876323801183773,0.05787856964405036,3953,H2,planned_full
"C(arm_code, Treatment(reference='T0'))[T.T4]",Shared values exercise,-0.07606921046377088,0.08773230367119542,0.385908890605284,-0.24802136594004506,0.0958829450125033,3953,H2,planned_full
"C(arm_code, Treatment(reference='T0'))[T.T5]",Cross-partisan dialogue guide,-0.12509358668488174,0.08843290644605749,0.15719776090034243,-0.2984188983673544,0.04823172499759093,3953,H2,planned_full
"C(arm_code, Treatment(reference='T0'))[T.T6]",Meta-dehumanization correction,-0.038428375503857276,0.06319088233345595,0.543100162642121,-0.1622802290287393,0.08542347802102475,3953,H2,planned_full
"C(arm_code, Treatment(reference='T0'))[T.T7]",Perception survey (form),0.0904548311783028,0.08949913714558674,0.3121704509664073,-0.08496025427445816,0.26586991663106374,3953,H2,planned_full
"C(arm_code, Treatment(reference='T0'))[T.T8]",Common-ground articles,0.029078109276550197,0.11938819494532803,0.807572126472447,-0.20491845299553968,0.26307467154864006,3953,H2,planned_full
"C(arm_code, Treatment(reference='T0'))[T.T9]",Patriotic article,-0.05775535048678551,0.058097759883527784,0.3201711070700376,-0.17162486744095595,0.056114166467384916,3953,H2,planned_full
"C(arm_code, Treatment(reference='T0'))[T.T10]",14th Amendment video,-0.08644035907407843,0.0747550981339696,0.24755278477872356,-0.23295765907741625,0.06007694092925939,3953,H2,planned_full
"C(arm_code, Treatment(reference='T0'))[T.T11]",Congressional softball video,0.03815328648851182,0.08585659049113328,0.656765051854206,-0.13012253870951349,0.20642911168653713,3953,H2,planned_full
"C(arm_code, Treatment(reference='T0'))[T.T12]",iSideWith quiz,-0.018369648225927737,0.08501726810293517,0.8289334854700152,-0.18500043177166658,0.1482611353198111,3953,H2,planned_full
"C(arm_code, Treatment(reference='T0'))[T.T13]",Rick and Morty perspective-taking,-0.062563219754494,0.09044469328835883,0.4891075141076955,-0.23983156119244886,0.11470512168346086,3953,H2,planned_full
"C(arm_code, Treatment(reference='T0'))[T.T14]",Brené Brown empathy video,-0.07149631916758015,0.07330143521136921,0.3293747412816722,-0.21516449219695996,0.07217185386179967,3953,H2,planned_full
"C(arm_code, Treatment(reference='T0'))[T.T15]",Perception gap video,-0.006222706256026778,0.054394148706497766,0.9089204860178234,-0.11283327869047836,0.10038786617842481,3953,H2,planned_full
"C(arm_code, Treatment(reference='T0'))[T.T16]",'What makes an American' video,0.05826217379236663,0.07361091337059124,0.4286591238922459,-0.0860125652830901,0.20253691286782338,3953,H2,planned_full
"C(arm_code, Treatment(reference='T0'))[T.T17]",McCain defends Obama video,0.14400984542802456,0.08270843871742335,0.08165295113439164,-0.0180957156756634,0.30611540653171254,3953,H2,planned_full
"C(arm_code, Treatment(reference='T0'))[T.T18]",Egyptian revolution video,-0.0056009361350465164,0.07927394804236379,0.9436739892728342,-0.16097501921037904,0.14977314694028604,3953,H2,planned_full
"C(arm_code, Treatment(reference='T0'))[T.T19]",Cross-partisan friendship TED talk,0.03411203914073907,0.10504396897606867,0.7453774212597746,-0.1717703568454983,0.23999443512697644,3953,H2,planned_full
"C(arm_code, Treatment(reference='T0'))[T.T20]",American history video,-0.06481441781647435,0.0799660071604036,0.41763871907540717,-0.22154491183833747,0.09191607620538877,3953,H2,planned_full
"C(arm_code, Treatment(reference='T0'))[T.T21]",Party-tailored videos,-0.11593011661952884,0.12355575165525942,0.3480995955236288,-0.35809493994661246,0.1262347067075548,3953,H2,planned_full
"C(arm_code, Treatment(reference='T0'))[T.T22]",Jubilee free speech panel,-0.0511520573450755,0.10110728350706545,0.6129137803088918,-0.2493186915936044,0.1470145769034534,3953,H2,planned_full
"C(arm_code, Treatment(reference='T0'))[T.T23]",Jubilee video,-0.002830532016478704,0.07253235407401588,0.96887093044472,-0.1449913337154569,0.13933026968249948,3953,H2,planned_full
"C(arm_code, Treatment(reference='T0'))[T.T24]",Media-profits-from-division image,0.144507893931696,0.10163880268942485,0.15509047868239595,-0.0547004987713495,0.3437162866347415,3953,H2,planned_full
"C(arm_code, Treatment(reference='T0'))[T.T25]",Shared priorities (Pew) table,-0.008401404658853306,0.10023318346411825,0.9332006629879779,-0.20485483430432078,0.18805202498661416,3953,H2,planned_full
"C(arm_code, Treatment(reference='T0'))[T.T26]",Bipartisan legislation examples,-0.02981392403612268,0.0848694335518116,0.725369552518405,-0.19615495718598872,0.13652710911374336,3953,H2,planned_full
"C(arm_code, Treatment(reference='T0'))[T.T27]",Common threat (Russia),0.03366587197167013,0.08890838178915979,0.7049418297063261,-0.14059135425881986,0.20792309820216015,3953,H2,planned_full
"C(arm_code, Treatment(reference='T0'))[T.T28]",Pro-democracy excerpt,-0.15643723049222613,0.12617222708424877,0.2150232726758673,-0.4037302514265629,0.09085579044211062,3953,H2,planned_full
"C(arm_code, Treatment(reference='T0'))[T.T29]",Biden–DeSantis cooperation,-0.09243699103449472,0.10735210535266677,0.3892030117829044,-0.30284325119027117,0.11796926912128171,3953,H2,planned_full
"C(arm_code, Treatment(reference='T0'))[T.T30]","Scandals, both parties (labeled)",-0.006638554506159439,0.08201444853817505,0.9354867109887319,-0.16738391985289622,0.15410681084057734,3953,H2,planned_full
"C(arm_code, Treatment(reference='T0'))[T.T31]",Scandals (labels revealed later),-0.019395757336442665,0.08364501417058658,0.8166298125338275,-0.18333697259713483,0.1445454579242495,3953,H2,planned_full
"C(arm_code, Treatment(reference='T0'))[T.T32]",Perception gap quiz,0.032237152861818,0.10414716210345616,0.7569148768556695,-0.17188753395301085,0.23636183967664684,3953,H2,planned_full
"C(arm_code, Treatment(reference='T0'))[T.T1]",Cooperation infographic,0.048002424735163585,0.08191200090646014,0.5578591709406993,-0.11254214694311054,0.2085469964134377,3953,H2,completers_only
"C(arm_code, Treatment(reference='T0'))[T.T2]",Bipartisan bills graph,0.046052646833515704,0.07543507615702644,0.5415347445062504,-0.10179738560529225,0.19390267927232366,3953,H2,completers_only
"C(arm_code, Treatment(reference='T0'))[T.T3]",Bipartisan elite quotes,-0.11544233418389369,0.08843065749936083,0.19173761354630459,-0.28876323801183773,0.05787856964405036,3953,H2,completers_only
"C(arm_code, Treatment(reference='T0'))[T.T4]",Shared values exercise,-0.07606921046377088,0.08773230367119542,0.385908890605284,-0.24802136594004506,0.0958829450125033,3953,H2,completers_only
"C(arm_code, Treatment(reference='T0'))[T.T5]",Cross-partisan dialogue guide,-0.12509358668488174,0.08843290644605749,0.15719776090034243,-0.2984188983673544,0.04823172499759093,3953,H2,completers_only
"C(arm_code, Treatment(reference='T0'))[T.T6]",Meta-dehumanization correction,-0.038428375503857276,0.06319088233345595,0.543100162642121,-0.1622802290287393,0.08542347802102475,3953,H2,completers_only
"C(arm_code, Treatment(reference='T0'))[T.T7]",Perception survey (form),0.0904548311783028,0.08949913714558674,0.3121704509664073,-0.08496025427445816,0.26586991663106374,3953,H2,completers_only
"C(arm_code, Treatment(reference='T0'))[T.T8]",Common-ground articles,0.029078109276550197,0.11938819494532803,0.807572126472447,-0.20491845299553968,0.26307467154864006,3953,H2,completers_only
"C(arm_code, Treatment(reference='T0'))[T.T9]",Patriotic article,-0.05775535048678551,0.058097759883527784,0.3201711070700376,-0.17162486744095595,0.056114166467384916,3953,H2,completers_only
"C(arm_code, Treatment(reference='T0'))[T.T10]",14th Amendment video,-0.08644035907407843,0.0747550981339696,0.24755278477872356,-0.23295765907741625,0.06007694092925939,3953,H2,completers_only
"C(arm_code, Treatment(reference='T0'))[T.T11]",Congressional softball video,0.03815328648851182,0.08585659049113328,0.656765051854206,-0.13012253870951349,0.20642911168653713,3953,H2,completers_only
"C(arm_code, Treatment(reference='T0'))[T.T12]",iSideWith quiz,-0.018369648225927737,0.08501726810293517,0.8289334854700152,-0.18500043177166658,0.1482611353198111,3953,H2,completers_only
"C(arm_code, Treatment(reference='T0'))[T.T13]",Rick and Morty perspective-taking,-0.062563219754494,0.09044469328835883,0.4891075141076955,-0.23983156119244886,0.11470512168346086,3953,H2,completers_only
"C(arm_code, Treatment(reference='T0'))[T.T14]",Brené Brown empathy video,-0.07149631916758015,0.07330143521136921,0.3293747412816722,-0.21516449219695996,0.07217185386179967,3953,H2,completers_only
"C(arm_code, Treatment(reference='T0'))[T.T15]",Perception gap video,-0.006222706256026778,0.054394148706497766,0.9089204860178234,-0.11283327869047836,0.10038786617842481,3953,H2,completers_only
"C(arm_code, Treatment(reference='T0'))[T.T16]",'What makes an American' video,0.05826217379236663,0.07361091337059124,0.4286591238922459,-0.0860125652830901,0.20253691286782338,3953,H2,completers_only
"C(arm_code, Treatment(reference='T0'))[T.T17]",McCain defends Obama video,0.14400984542802456,0.08270843871742335,0.08165295113439164,-0.0180957156756634,0.30611540653171254,3953,H2,completers_only
"C(arm_code, Treatment(reference='T0'))[T.T18]",Egyptian revolution video,-0.0056009361350465164,0.07927394804236379,0.9436739892728342,-0.16097501921037904,0.14977314694028604,3953,H2,completers_only
"C(arm_code, Treatment(reference='T0'))[T.T19]",Cross-partisan friendship TED talk,0.03411203914073907,0.10504396897606867,0.7453774212597746,-0.1717703568454983,0.23999443512697644,3953,H2,completers_only
"C(arm_code, Treatment(reference='T0'))[T.T20]",American history video,-0.06481441781647435,0.0799660071604036,0.41763871907540717,-0.22154491183833747,0.09191607620538877,3953,H2,completers_only
"C(arm_code, Treatment(reference='T0'))[T.T21]",Party-tailored videos,-0.11593011661952884,0.12355575165525942,0.3480995955236288,-0.35809493994661246,0.1262347067075548,3953,H2,completers_only
"C(arm_code, Treatment(reference='T0'))[T.T22]",Jubilee free speech panel,-0.0511520573450755,0.10110728350706545,0.6129137803088918,-0.2493186915936044,0.1470145769034534,3953,H2,completers_only
"C(arm_code, Treatment(reference='T0'))[T.T23]",Jubilee video,-0.002830532016478704,0.07253235407401588,0.96887093044472,-0.1449913337154569,0.13933026968249948,3953,H2,completers_only
"C(arm_code, Treatment(reference='T0'))[T.T24]",Media-profits-from-division image,0.144507893931696,0.10163880268942485,0.15509047868239595,-0.0547004987713495,0.3437162866347415,3953,H2,completers_only
"C(arm_code, Treatment(reference='T0'))[T.T25]",Shared priorities (Pew) table,-0.008401404658853306,0.10023318346411825,0.9332006629879779,-0.20485483430432078,0.18805202498661416,3953,H2,completers_only
"C(arm_code, Treatment(reference='T0'))[T.T26]",Bipartisan legislation examples,-0.02981392403612268,0.0848694335518116,0.725369552518405,-0.19615495718598872,0.13652710911374336,3953,H2,completers_only
"C(arm_code, Treatment(reference='T0'))[T.T27]",Common threat (Russia),0.03366587197167013,0.08890838178915979,0.7049418297063261,-0.14059135425881986,0.20792309820216015,3953,H2,completers_only
"C(arm_code, Treatment(reference='T0'))[T.T28]",Pro-democracy excerpt,-0.15643723049222613,0.12617222708424877,0.2150232726758673,-0.4037302514265629,0.09085579044211062,3953,H2,completers_only
"C(arm_code, Treatment(reference='T0'))[T.T29]",Biden–DeSantis cooperation,-0.09243699103449472,0.10735210535266677,0.3892030117829044,-0.30284325119027117,0.11796926912128171,3953,H2,completers_only
"C(arm_code, Treatment(reference='T0'))[T.T30]","Scandals, both parties (labeled)",-0.006638554506159439,0.08201444853817505,0.9354867109887319,-0.16738391985289622,0.15410681084057734,3953,H2,completers_only
"C(arm_code, Treatment(reference='T0'))[T.T31]",Scandals (labels revealed later),-0.019395757336442665,0.08364501417058658,0.8166298125338275,-0.18333697259713483,0.1445454579242495,3953,H2,completers_only
"C(arm_code, Treatment(reference='T0'))[T.T32]",Perception gap quiz,0.032237152861818,0.10414716210345616,0.7569148768556695,-0.17188753395301085,0.23636183967664684,3953,H2,completers_only
