arm,estimate,std_error,p_value,conf_low,conf_high,n,party
T1,-1.0594118307120368,2.2946297940240385,0.6443023301635658,-5.556803584851715,3.4379799234276414,1694,Democrat
T10,-1.5230062867839553,2.2943407275138683,0.5068119333645613,-6.019831480974563,2.9738189074066526,1694,Democrat
T11,0.8924857143448184,2.74645767585765,0.7452122195949058,-4.490472415399758,6.275443844089395,1694,Democrat
T12,1.102702815772238,2.0480632425670318,0.5902923102509954,-2.9114273777194644,5.1168330092639405,1694,Democrat
T13,-2.6908350472369884,2.391700529217553,0.26055856966397584,-7.37848194630878,1.9968118518348028,1694,Democrat
T14,0.7352461562876478,1.9784046805710265,0.7101639741363854,-3.142355764477034,4.6128480770523295,1694,Democrat
T15,-2.555106154089712,1.5010135075475999,0.08870777552103765,-5.497038569191148,0.38682626101172435,1694,Democrat
T16,-4.0048225643211435,1.9004036219614706,0.03508693359894189,-7.7295452194550975,-0.28009990918718897,1694,Democrat
T17,0.28302034342128835,4.498203238446812,0.9498313778531741,-8.5332959990759,9.099336685918477,1694,Democrat
T18,-2.2756940574997175,2.579603394417216,0.37767538107813414,-7.331623804954733,2.7802356899552976,1694,Democrat
T19,-0.2110602015685128,2.885644074322304,0.9416935549404677,-5.866818659441652,5.444698256304626,1694,Democrat
T2,-0.08682833807282542,2.897192007900963,0.9760911183510069,-5.765220329855997,5.591563653710346,1694,Democrat
T20,2.5182655945364707,3.679949714585391,0.4937727077018471,-4.694303310969348,9.730834500042288,1694,Democrat
T21,1.8764182855412628,3.009587192910814,0.5329689528007597,-4.022264220896932,7.775100791979457,1694,Democrat
T22,-1.5872745396711663,2.5141582228584625,0.5278219075744464,-6.51493410790898,3.340385028566647,1694,Democrat
T23,1.6164756737103119,2.9155051419223565,0.5792770527690296,-4.0978094011988455,7.330760748619469,1694,Democrat
T24,-2.228194948655065,3.737142222334226,0.5510218296627001,-9.552859109534127,5.096469212223997,1694,Democrat
T25,-1.5285156254187413,2.1568680232567616,0.4785269941209169,-5.755899270408094,2.698868019570611,1694,Democrat
T26,-3.7795243888099836,3.0310397285821264,0.2124195336578124,-9.72025309254101,2.1612043149210445,1694,Democrat
T27,-2.420680397521039,2.8724728418063408,0.3993869900438185,-8.050623714030888,3.2092629189888084,1694,Democrat
T28,-0.28364113321688755,2.2382080195743588,0.8991565652049627,-4.670448241491351,4.103165975057576,1694,Democrat
T29,0.12595765604694442,1.9056791956490267,0.9473014439176063,-3.6091049335124072,3.861020245606296,1694,Democrat
T3,-1.938973967785202,2.291516217473634,0.3974672401939462,-6.430263224022979,2.552315288452575,1694,Democrat
T30,0.2552313215411175,3.5580663307428875,0.942814270705144,-6.718450541319522,7.228913184401757,1694,Democrat
T31,-1.166726202453649,2.995566918770729,0.6969179426423976,-7.0379294765238996,4.704477071616601,1694,Democrat
T32,1.9544830524323213,4.47666019578443,0.6624058032684336,-6.819609702329188,10.728575807193831,1694,Democrat
T4,-3.9707565708390793,2.4414420133279675,0.1038650018141418,-8.755894987304854,0.8143818456266954,1694,Democrat
T5,-1.6986200172705885,1.8410710466739486,0.3562021409699656,-5.307052961730989,1.9098129271898117,1694,Democrat
T6,-0.8880551112191597,2.961885258113239,0.7643086196118543,-6.69324354346123,4.91713332102291,1694,Democrat
T7,-2.1661847700639907,1.9867839388584285,0.2755822915397609,-6.060209735289139,1.727840195161158,1694,Democrat
T8,-2.964737458462378,2.975642602458446,0.31908730779544714,-8.796889790143968,2.8674148732192135,1694,Democrat
T9,-0.7459822624982708,2.001041916096706,0.7092995955914501,-4.667952349602835,3.1759878246062936,1694,Democrat
T1,-2.676032535655963,2.237980700414815,0.2317998693318135,-7.062394106564724,1.7103290352527991,1492,Republican
T10,-2.0844608161597966,2.554037158751811,0.41441806915262713,-7.090281662490354,2.921360030170761,1492,Republican
T11,-2.268965591434804,3.9513911975118674,0.5658193243214515,-10.01355002738666,5.475618844517052,1492,Republican
T12,-0.2731815415250054,1.997612828218225,0.8912252458786771,-4.188430739887924,3.6420676568379133,1492,Republican
T13,1.2938416065912222,2.5546618566889925,0.6125316855174021,-3.713203625197428,6.300886838379872,1492,Republican
T14,2.340031648565288,3.2797759854828112,0.47555310792981054,-4.088211160340386,8.76827445747096,1492,Republican
T15,-0.020299731199153848,1.818911029886097,0.9910954930603079,-3.585299840858562,3.5447003784602544,1492,Republican
T16,-1.3450500564439372,2.720545023389197,0.6210204445918592,-6.677220320606442,3.9871202077185677,1492,Republican
T17,-2.7754214575874423,3.7978231836206917,0.46490578326842713,-10.219018117135246,4.668175201960362,1492,Republican
T18,3.824875993256497,6.004135847093484,0.5240986487940278,-7.94301402533262,15.592766011845615,1492,Republican
T19,-2.103528612815723,3.317557950928242,0.5260420951421465,-8.605822713259577,4.398765487628131,1492,Republican
T2,-0.31425571693037746,2.0991412483688934,0.8809959438161313,-4.428496962195857,3.7999855283351023,1492,Republican
T20,-5.215922593300771,3.505988950368346,0.1368252993404089,-12.087534666218117,1.6556894796165746,1492,Republican
T21,-1.4038520753947923,2.157110502073026,0.5151742352548483,-5.631710970131037,2.8240068193414523,1492,Republican
T22,-5.531092312100455,5.665650756965426,0.3289405244861885,-16.63556374473478,5.573379120533874,1492,Republican
T23,-1.9120724214947926,3.233651955346809,0.5543165250245405,-8.24991379251206,4.425768949522476,1492,Republican
T24,-4.170836172305584,3.025821707613194,0.16807538415666812,-10.10133774286693,1.7596653982557626,1492,Republican
T25,0.5095538886098403,2.317164824831603,0.8259458958164361,-4.032005714303165,5.0511134915228455,1492,Republican
T26,1.2970519062461285,2.5345112364438593,0.6088216295532771,-3.670498835595917,6.264602648088174,1492,Republican
T27,-2.735344354529845,2.7136221281793955,0.3134521182845561,-8.053945993412395,2.5832572843527046,1492,Republican
T28,-0.9074547061006979,3.220288631877407,0.7781022597462031,-7.219104444404179,5.404195032202784,1492,Republican
T29,-1.3398556449000445,2.117705443121487,0.5269346863214999,-5.490482043282595,2.8107707534825064,1492,Republican
T3,2.0134322460044025,2.4370897735427266,0.4087119021373554,-2.7631759372302183,6.790040429239023,1492,Republican
T30,2.833507116345391,2.6257958766743315,0.28054132032637613,-2.312958232690076,7.979972465380858,1492,Republican
T31,-3.7778528887106413,2.516512973398081,0.13329730392082223,-8.710127683198683,1.1544219057774008,1492,Republican
T32,0.18965786473845814,5.19083187690965,0.9708541090036685,-9.984185663806908,10.363501393283823,1492,Republican
T4,0.5283798323910567,2.2952824616737426,0.8179343950968982,-3.9702911268359156,5.027050791618029,1492,Republican
T5,-1.6855549240535739,8.14555097386437,0.8360649046043012,-17.650541467062904,14.279431618955755,1492,Republican
T6,-3.103853440033517,2.475118115304733,0.20983388125005142,-7.954995803513451,1.7472889234464164,1492,Republican
T7,3.8728688602245205,3.577414472786902,0.27899097841871123,-3.138734664210153,10.884472384659194,1492,Republican
T8,-4.389250177002642,3.322843212767614,0.18652401400006358,-10.90190320030053,2.123402846295245,1492,Republican
T9,-0.492104256702409,2.290713166003149,0.8299031477996663,-4.981819560980303,3.997611047575485,1492,Republican
