arm,estimate_full,estimate_robust,p_value,delta
T1,-1.9260015823039809,-1.1466971198769995,0.5727903957600173,0.7793044624269814
T10,-1.7980992158603775,0.3104655753740877,0.8646867691519752,2.108564791234465
T11,-0.5575926072008182,3.12433421060848,0.20332194659862612,3.6819268178092983
T12,0.29273861027954107,0.11964189873495856,0.9418206416284083,-0.1730967115445825
T13,-1.0669016855579105,0.2457225438887365,0.9380761933604859,1.312624229446647
T14,1.4397260200094415,1.367732706213988,0.4994664551114941,-0.0719933137954536
T15,-1.3823531823535964,0.07817123525360614,0.9458106359027456,1.4605244176072025
T16,-2.774799556696351,-1.9030728224515912,0.336402808798297,0.8717267342447599
T17,-1.188240143417847,4.4690042571209165,0.303495431204598,5.657244400538763
T18,0.5665827153252989,-1.834363775874202,0.2849381523795239,-2.400946491199501
T19,-0.7500626937046455,-1.3174836486943349,0.6890969024944928,-0.5674209549896894
T2,-0.1911107410389974,0.026528951478502094,0.9880635917173257,0.21763969251749948
T20,-0.4876067516220708,-1.8010046534240898,0.5073597240405094,-1.313397901802019
T21,-0.32810000812452067,-2.196449904159425,0.20825329582443164,-1.8683498960349043
T22,-2.752504381070427,1.5606221895409043,0.537794404912691,4.313126570611331
T23,0.06225576742033856,-0.3526366823046434,0.8497879327046691,-0.41489244972498196
T24,-3.1993876513799466,-2.758923688847558,0.28060840567651135,0.44046396253238873
T25,-0.5718870291043263,-0.6717884405784718,0.7681047136884549,-0.09990141147414544
T26,-1.4172678183274454,0.6534135384713737,0.6806234847687291,2.0706813567988194
T27,-2.373622404363603,-2.05538703265504,0.2608957198580828,0.3182353717085631
T28,-0.5898356150136372,2.2786214821845148,0.25513107407229785,2.868457097198152
T29,-0.5616946708445485,-0.04679299668411563,0.9753843847661736,0.5149016741604329
T3,-0.12732396790166778,0.49448912527291977,0.8314042965019085,0.6218130931745876
T30,1.4950802454943288,3.4172549462466524,0.3177716161528089,1.9221747007523236
T31,-2.655099274163869,-3.6931167369393467,0.10538727014684064,-1.038017462775478
T32,1.1862548660665388,2.5945292911452045,0.2626355137930816,1.4082744250786656
T4,-1.8932169002931474,0.7545557126700979,0.6723619534748255,2.6477726129632453
T5,-1.765444028095923,-7.970514490096662,0.26896969635224144,-6.205070462000739
T6,-2.1532368425153687,-2.2635293390070577,0.23103241182379242,-0.11029249649168893
T7,0.7275379312411032,2.852957744665612,0.08331726583458732,2.1254198134245086
T8,-3.8249236640567337,-2.7789504088803145,0.1927745370086208,1.0459732551764191
T9,-0.7341583845508662,-0.10707423065824218,0.9274322786239054,0.6270841538926241
