term,arm,estimate,std_error,p_value,conf_low,conf_high,n
"C(arm_code, Treatment(reference='T0'))[T.T1]:C(_mod)[T.1]",Cooperation infographic x dem=1,2.0080380636953503,3.07428510336403,0.5136451655750816,-4.017450017106146,8.033526144496847,3825
"C(arm_code, Treatment(reference='T0'))[T.T2]:C(_mod)[T.1]",Bipartisan bills graph x dem=1,1.552390724579877,3.0960386125833357,0.6160812389603137,-4.515733450828819,7.620514899988573,3825
"C(arm_code, Treatment(reference='T0'))[T.T3]:C(_mod)[T.1]",Bipartisan elite quotes x dem=1,-2.6382347618211375,2.925143694581446,0.36710133482620355,-8.371411052805204,3.094941529162928,3825
"C(arm_code, Treatment(reference='T0'))[T.T4]:C(_mod)[T.1]",Shared values exercise x dem=1,-0.8862809499402324,3.3743939497501203,0.7928211853270474,-7.499971561100329,5.727409661219864,3825
"C(arm_code, Treatment(reference='T0'))[T.T5]:C(_mod)[T.1]",Cross-partisan dialogue guide x dem=1,2.1759137994429913,9.735687714965694,0.8231473746854595,-16.905683486618823,21.257511085504806,3825
"C(arm_code, Treatment(reference='T0'))[T.T6]:C(_mod)[T.1]",Meta-dehumanization correction x dem=1,2.4985892669769063,3.1674106482503945,0.43020385705518116,-3.709421527842532,8.706600061796344,3825
"C(arm_code, Treatment(reference='T0'))[T.T7]:C(_mod)[T.1]",Perception survey (form) x dem=1,-5.461299772436087,4.03123216483353,0.1754981706770783,-13.36236962882924,2.4397700839570664,3825
"C(arm_code, Treatment(reference='T0'))[T.T8]:C(_mod)[T.1]",Common-ground articles x dem=1,2.0269818136388977,3.927001288793083,0.6057389608298557,-5.669799279637921,9.723762906915717,3825
"C(arm_code, Treatment(reference='T0'))[T.T9]:C(_mod)[T.1]",Patriotic article x dem=1,1.6617694810649262,2.7069190393843967,0.5392833918928768,-3.643694345194252,6.967233307324104,3825
"C(arm_code, Treatment(reference='T0'))[T.T10]:C(_mod)[T.1]",14th Amendment video x dem=1,2.7482437463853984,3.261119692714445,0.3993794052946201,-3.6434334006092417,9.139920893380038,3825
"C(arm_code, Treatment(reference='T0'))[T.T11]:C(_mod)[T.1]",Congressional softball video x dem=1,4.925431805930938,4.948545390121353,0.31957617246829917,-4.773538934568625,14.6244025464305,3825
"C(arm_code, Treatment(reference='T0'))[T.T12]:C(_mod)[T.1]",iSideWith quiz x dem=1,0.297359962781659,2.639897794356278,0.9103154082381497,-4.876744637023372,5.47146456258669,3825
"C(arm_code, Treatment(reference='T0'))[T.T13]:C(_mod)[T.1]",Rick and Morty perspective-taking x dem=1,-4.889027320097018,2.882438587834574,0.08985884886943747,-10.538503139901277,0.7604484997072403,3825
"C(arm_code, Treatment(reference='T0'))[T.T14]:C(_mod)[T.1]",Brené Brown empathy video x dem=1,0.22351423221752498,3.3685907916877365,0.947097230823928,-6.378802398143706,6.825830862578756,3825
"C(arm_code, Treatment(reference='T0'))[T.T15]:C(_mod)[T.1]",Perception gap video x dem=1,-1.3978960392949578,2.1001804969169107,0.5056619658754804,-5.514174174285537,2.7183820956956213,3825
"C(arm_code, Treatment(reference='T0'))[T.T16]:C(_mod)[T.1]",'What makes an American' video x dem=1,-1.4391313882436285,2.8992085845247053,0.619620924046342,-7.1214757975814,4.243213021094142,3825
"C(arm_code, Treatment(reference='T0'))[T.T17]:C(_mod)[T.1]",McCain defends Obama video x dem=1,2.109603750163785,5.315280860167134,0.6914455361716139,-8.308155303478877,12.527362803806447,3825
"C(arm_code, Treatment(reference='T0'))[T.T18]:C(_mod)[T.1]",Egyptian revolution video x dem=1,-4.1642621762672345,6.284310106252394,0.5075584006004095,-16.481283652203008,8.152759299668539,3825
"C(arm_code, Treatment(reference='T0'))[T.T19]:C(_mod)[T.1]",Cross-partisan friendship TED talk x dem=1,2.0702962962448055,4.481440098765208,0.6441019678406898,-6.7131648962086246,10.853757488698236,3825
"C(arm_code, Treatment(reference='T0'))[T.T20]:C(_mod)[T.1]",American history video x dem=1,7.238517080905851,4.775006563852403,0.12954015808915828,-2.1203238101872177,16.597357971998917,3825
"C(arm_code, Treatment(reference='T0'))[T.T21]:C(_mod)[T.1]",Party-tailored videos x dem=1,2.689933911960919,3.103059693714618,0.3860159700321891,-3.3919513295976236,8.771819153519463,3825
"C(arm_code, Treatment(reference='T0'))[T.T22]:C(_mod)[T.1]",Jubilee free speech panel x dem=1,2.9171697032158246,5.204282103312832,0.5751162197758175,-7.283035784663687,13.117375191095336,3825
"C(arm_code, Treatment(reference='T0'))[T.T23]:C(_mod)[T.1]",Jubilee video x dem=1,7.0009953573338155,4.021367795950958,0.08169255715363889,-0.8807406913192795,14.88273140598691,3825
"C(arm_code, Treatment(reference='T0'))[T.T24]:C(_mod)[T.1]",Media-profits-from-division image x dem=1,3.287432015498701,4.259704349049288,0.440261789719226,-5.06143509342654,11.636299124423942,3825
"C(arm_code, Treatment(reference='T0'))[T.T25]:C(_mod)[T.1]",Shared priorities (Pew) table x dem=1,-0.4430937571963387,3.0101323642196425,0.8829735645463221,-6.342844779765242,5.456657265372565,3825
"C(arm_code, Treatment(reference='T0'))[T.T26]:C(_mod)[T.1]",Bipartisan legislation examples x dem=1,-2.470745731415036,3.418049438281298,0.46977048186345405,-9.169999527823741,4.22850806499367,3825
"C(arm_code, Treatment(reference='T0'))[T.T27]:C(_mod)[T.1]",Common threat (Russia) x dem=1,0.36284170318185005,3.5079326312729404,0.9176180311660002,-6.512579914305938,7.238263320669638,3825
"C(arm_code, Treatment(reference='T0'))[T.T28]:C(_mod)[T.1]",Pro-democracy excerpt x dem=1,0.7342587698799079,3.371191726389156,0.8275818909085266,-5.873155598822246,7.3416731385820615,3825
"C(arm_code, Treatment(reference='T0'))[T.T29]:C(_mod)[T.1]",Biden–DeSantis cooperation x dem=1,3.45563398920261,2.59041506306948,0.18220128889582754,-1.6214862394236236,8.532754217828844,3825
"C(arm_code, Treatment(reference='T0'))[T.T30]:C(_mod)[T.1]","Scandals, both parties (labeled) x dem=1",-2.963933515545377,3.476145719276895,0.393853766371816,-9.777053930341172,3.8491868992504186,3825
"C(arm_code, Treatment(reference='T0'))[T.T31]:C(_mod)[T.1]",Scandals (labels revealed later) x dem=1,0.7808818181028148,3.4167016311864877,0.8192199049300368,-5.915730324941956,7.4774939611475855,3825
"C(arm_code, Treatment(reference='T0'))[T.T32]:C(_mod)[T.1]",Perception gap quiz x dem=1,1.4674922748893375,5.797341967140694,0.80016627707871,-9.895089186769011,12.830073736547687,3825
