arm,estimate,std_error,p_value,conf_low,conf_high,n,component
T1,-1.0931609955709218,1.1872040865426094,0.3571621245338905,-3.42003824749321,1.2337162563513662,3232,group1_rating
T10,-0.2803875562298632,1.2859807604049684,0.8274026040390375,-2.800863531435034,2.2400884189753074,3232,group1_rating
T11,-2.157729376912402,1.9405498364977947,0.26617405484447,-5.96113716665317,1.645678412828366,3232,group1_rating
T12,-0.010647167047196593,0.9841644592678663,0.9913682673525653,-1.9395740620765516,1.9182797279821584,3232,group1_rating
T13,-0.17315081905490537,1.2327926179435942,0.8883011892725756,-2.589379950631197,2.2430783125213862,3232,group1_rating
T14,0.0048310683750676375,1.1119441235080105,0.9965334384523303,-2.1745393665215906,2.184201503271726,3232,group1_rating
T15,0.649003218343521,0.7939923669739481,0.41370429526316654,-0.9071932249251271,2.205199661612169,3232,group1_rating
T16,0.4813755830767934,1.0537339580231257,0.6477944012526846,-1.5839050239353742,2.546656190088961,3232,group1_rating
T17,-1.8903487311699843,1.6243313111659303,0.24451706285415942,-5.073979600015932,1.293282137675963,3232,group1_rating
T18,1.232652833724287,1.8076374934919401,0.4952935002427704,-2.310251550624172,4.775557218072746,3232,group1_rating
T19,-0.9190443905711652,1.2908721001388181,0.4764919013020992,-3.4491072154908307,1.6110184343485003,3232,group1_rating
T2,0.7768988142830784,1.341031530320572,0.5623670207844385,-1.851474687277876,3.405272315844033,3232,group1_rating
T20,-2.9888723165495232,1.6299576101099484,0.06669680308744472,-6.1835305286920015,0.20578589559295501,3232,group1_rating
T21,-0.6558358313337833,1.2091261983727124,0.5875396865178306,-3.0256796329081324,1.7140079702405657,3232,group1_rating
T22,-0.11033001039432166,1.4224006260243443,0.9381732422747183,-2.8981840089892628,2.6775239882006194,3232,group1_rating
T23,-0.8336004479632106,1.0842104726491149,0.44197950079674486,-2.958613926016625,1.2914130300902036,3232,group1_rating
T24,0.36949276592082736,1.8500540914861696,0.8416995868989174,-3.2565466228430355,3.9955321546846903,3232,group1_rating
T25,1.169225810069853,1.3170010627619815,0.3746515021233495,-1.4120488405446059,3.7505004606843118,3232,group1_rating
T26,0.3510400971447112,1.5839884533370092,0.8246113947156162,-2.753520223323131,3.4556004176125534,3232,group1_rating
T27,-0.16121019799146774,1.3117411332418292,0.9021879682755287,-2.732175576185209,2.4097551802022736,3232,group1_rating
T28,-0.5976242008373935,1.9501297525522545,0.7592593353059309,-4.4198082810198205,3.224559879345033,3232,group1_rating
T29,-1.424682571830234,1.2940371855146822,0.270914271025418,-3.9609488500945877,1.1115837064341196,3232,group1_rating
T3,1.3988437631983546,1.0851906029673946,0.1973874905425007,-0.7280907349790438,3.525778261375753,3232,group1_rating
T30,-0.8312253889191594,1.1728141224223692,0.4784831343584952,-3.1298988294269527,1.467448051588634,3232,group1_rating
T31,-1.1221558893225856,1.370473293873814,0.412895386089681,-3.8082341870892384,1.5639224084440673,3232,group1_rating
T32,-0.9978920468056263,2.1525512756105765,0.6429445826584221,-5.216815021878108,3.221030928266855,3232,group1_rating
T4,0.7525960475653992,1.2606462495160355,0.5505125513806086,-1.718225198731525,3.2234172938623233,3232,group1_rating
T5,-0.28750728636884304,2.0036160062620674,0.885899887462348,-4.214522497490474,3.6395079247527886,3232,group1_rating
T6,-1.3882885915033683,1.1808033814803822,0.23970866609400998,-3.702620692028028,0.9260435090212913,3232,group1_rating
T7,2.727572452536339,1.5977888289010818,0.08780496255613118,-0.40403610701021186,5.85918101208289,3232,group1_rating
T8,-0.0013749886483225282,1.448409660090869,0.9992425609416832,-2.840205757286327,2.837455779989682,3232,group1_rating
T9,0.1282087287375906,0.9621507597381298,0.8939939101338683,-1.7575721080469946,2.013989565522176,3232,group1_rating
T1,0.24392633069580416,1.0384339780371938,0.8142877030024729,-1.7913668665797533,2.2792195279713616,3244,group2_rating
T10,0.08562884462568121,1.1988018995758045,0.9430565796758482,-2.263979703141098,2.4352373923924606,3244,group2_rating
T11,-1.1225689515647028,1.5435078508750368,0.4670518436690342,-4.1477887491345955,1.9026508460051899,3244,group2_rating
T12,0.5823602694446877,1.0758227140586423,0.5882896524411432,-1.5262135038603841,2.6909340427497597,3244,group2_rating
T13,-1.865488094556637,1.2482096281007609,0.1350368624193602,-4.311934010790263,0.5809578216769891,3244,group2_rating
T14,-0.4213679104705883,1.177101878753741,0.720365286998238,-2.7284451989623544,1.8857093780211778,3244,group2_rating
T15,-0.47182380805091517,0.7455290157401321,0.5268177868345042,-1.9330338283311692,0.9893862122293389,3244,group2_rating
T16,-0.8792812931529221,1.0211926457413711,0.3892194767223305,-2.88078210008318,1.1222195137773356,3244,group2_rating
T17,-0.31599889036161066,1.6568982266628072,0.848747209724176,-3.563459740668996,2.9314619599457745,3244,group2_rating
T18,-1.7057435702960886,1.809329626399645,0.3458093391024917,-5.251964474200705,1.840477333608527,3244,group2_rating
T19,0.25750560933073885,1.6621151197322437,0.8768792945147843,-3.0001801635039387,3.5151913821654164,3244,group2_rating
T2,0.8450115220725252,1.0742057492834542,0.4314935570873505,-1.260393058508908,2.9504161026539584,3244,group2_rating
T20,0.9083699816439275,1.8047281474923258,0.6147337721060697,-2.628832189326722,4.445572152614577,3244,group2_rating
T21,0.6407635374377598,1.2245559452213608,0.600791972709456,-1.7593220122505104,3.04084908712603,3244,group2_rating
T22,1.304353796769359,1.9710468641261982,0.5081270535009055,-2.558827068758603,5.167534662297321,3244,group2_rating
T23,1.063461096513147,1.3752040860583985,0.43933806786408125,-1.6318893835536352,3.7588115765799293,3244,group2_rating
T24,1.3423984507021487,1.208069877263428,0.2664854049331169,-1.0253749995418935,3.710171900946191,3244,group2_rating
T25,0.19194998709144073,1.0505893129483534,0.8550279487879254,-1.867167228830012,2.2510672030128935,3244,group2_rating
T26,-2.0053280119287753,1.1889687155896114,0.0916781272735044,-4.33566387322926,0.3250078493717097,3244,group2_rating
T27,-0.06645126219283881,1.476221314627907,0.9640958065098555,-2.9597918720739083,2.8268893476882306,3244,group2_rating
T28,-0.1196231006594175,1.565164106704886,0.9390782186926079,-3.1872883796958003,2.9480421783769652,3244,group2_rating
T29,0.2567348889736749,1.2880592374444257,0.8420130900821149,-2.2678148263715254,2.7812846043188753,3244,group2_rating
T3,-0.33303326298560876,1.2055534405537438,0.7823566137189141,-2.695874587909296,2.0298080619380783,3244,group2_rating
T30,-2.1348729953563472,1.6375251530850967,0.19232933791982376,-5.344363319181575,1.074617328468881,3244,group2_rating
T31,0.3928825092815704,1.3115110946643573,0.7645091660242651,-2.1776320015852715,2.9633970201484123,3244,group2_rating
T32,-0.46058645024995215,2.17477953828584,0.8322744966500377,-4.723076019604846,3.8019031191049413,3244,group2_rating
T4,-1.3960900560883611,1.0221786491062412,0.172002220291111,-3.3995233941023995,0.6073432819256772,3244,group2_rating
T5,-1.1448921396874692,2.2049887590057162,0.6036016807650401,-5.466590693654342,3.1768064142794037,3244,group2_rating
T6,-0.2579789908567527,1.159363499654243,0.823910834627904,-2.5302896951693845,2.014331713455879,3244,group2_rating
T7,-0.24779210587524925,1.3384466659927083,0.8531238635921943,-2.871099366448669,2.37551515469817,3244,group2_rating
T8,0.677820035879904,1.6483543492584107,0.680918447775883,-2.5528951224265386,3.9085351941863467,3244,group2_rating
T9,0.06764144695885754,0.9599699167556993,0.9438259062452156,-1.813865016124227,1.949147910041942,3244,group2_rating
