arm,estimate,std_error,p_value,conf_low,conf_high,n
T1,-1.1527102602126966,1.592402850505817,0.46913875990406406,-4.273762496083018,1.9683419756576246,90
T10,-1.5635614223823247,1.4943432358168356,0.2954132502990172,-4.492420345124367,1.365297500359718,62
T11,-2.4362779913586863,1.9545716731737535,0.21259883493484455,-6.267168075981436,1.394612093264064,64
T12,0.3585060155120008,1.3038417377868168,0.7833459730001072,-2.196976832090277,2.9139888631142785,65
T13,-0.9689622715610549,1.5403462927835587,0.5293131624501921,-3.9879855291366195,2.05006098601451,58
T14,-2.180892469082805,1.5947572817036122,0.1714564823692737,-5.306559305304882,0.9447743671392721,163
T15,-2.332186850077925,0.995076592180724,0.019092193062889663,-4.282501132610995,-0.3818725675448549,641
T16,-2.646695651313893,1.4032971355761032,0.05928753652183913,-5.397107496651277,0.10371619402349097,149
T17,-0.6897735271254506,2.5913177503740092,0.7900956613181223,-5.768662990357863,4.389115936106962,88
T18,-0.1877216632241825,2.478650374166863,0.9396295842322426,-5.045787126857963,4.670343800409597,72
T19,0.7579838615006267,1.9781198833219567,0.7015833509348817,-3.1190598669129823,4.635027589914236,71
T2,0.3794742477166424,1.5224310580828753,0.8031631849702778,-2.604435795071,3.363384290504285,106
T20,1.3099621066013505,2.2771617736997696,0.5651148683332445,-3.153192956821547,5.773117170024248,66
T21,0.8338906661568031,1.582036048408642,0.5981243815543231,-2.2668430109682003,3.934624343281807,72
T22,-1.8751540226668553,2.1508878416288564,0.38331495723954234,-6.090816727044506,2.340508681710795,48
T23,0.09941755641241556,2.0677896186215166,0.9616531670492164,-3.9533756236915707,4.152210736516402,121
T24,-2.6279703842111957,2.0974582471863066,0.21023083189511593,-6.738913007772867,1.4829722393504756,100
T25,-0.08586108865950626,1.4808488948480634,0.9537637688434337,-2.988271589107652,2.8165494117886394,66
T26,0.892923795455852,1.7053251230246305,0.6005504334938855,-2.4494520276037606,4.235299618515464,68
T27,-0.9634370348176695,1.764869945672293,0.5851368084019997,-4.422518565732526,2.4956444960971864,76
T28,-0.5811496955134912,1.4734966402396426,0.6932844309404362,-3.4691500417239634,2.306850650696981,60
T29,-0.7289213091728017,1.2776253035137493,0.5683194775011389,-3.233020889796806,1.7751782714512023,77
T3,-0.14869160502225354,1.4696903640038295,0.9194138739809166,-3.0292317868953216,2.7318485768508145,94
T30,-0.390800674714191,1.7820580489828497,0.8264183967624331,-3.883570269080292,3.1019689196519096,140
T31,-1.3978170328847508,1.6770306752450912,0.4045587756997763,-4.684736757334017,1.8891026915645157,73
T32,0.49962923859824393,2.670307996036321,0.8515779377104324,-4.734078261262271,5.733336738458759,57
T4,0.8609266646156528,1.6902769199389003,0.6105135026994626,-2.451955222363884,4.17380855159519,78
T5,-1.7587205174704528,3.203366461859491,0.5829899545159738,-8.037203411998556,4.519762377057651,68
T6,-0.02503738294447677,1.6329199183783354,0.9877666024266648,-3.225501612604099,3.1754268467151454,221
T7,0.16945298244030482,1.7424476216758553,0.9225278841534591,-3.2456816009918454,3.584587565872455,85
T8,-1.628711864563162,1.8681120003888463,0.3832906758897324,-5.290144104412376,2.0327203752860523,67
T9,-2.102391577093776,1.2771548128902264,0.09973236764216252,-4.605569013040611,0.40078585885305884,330
