arm,estimate,std_error,p_value,conf_low,conf_high,polarization,n
T1,-2.8256988645348007,2.1168631433540352,0.18192481143480332,-6.974674385708958,1.3232766566393575,Low,1593
T10,-2.294486234390546,2.236984862894766,0.3050307252135832,-6.678895999625558,2.089923530844466,Low,1593
T11,0.19306362250071807,2.960403335409061,0.9480025711229713,-5.609220294613291,5.995347539614727,Low,1593
T12,-0.7242313851628284,2.2943478669809108,0.7522614055567513,-5.221070572451708,3.7726078021260516,Low,1593
T13,-1.6826590185301877,2.514082768659832,0.5033083324618219,-6.610170699256203,3.2448526621958274,Low,1593
T14,2.2603054779587683,2.753277808466769,0.4116743226357037,-3.136019866069468,7.6566308219870045,Low,1593
T15,-1.025781878067431,1.6079957601556356,0.5235220241138625,-4.177395655265584,2.1258318991307217,Low,1593
T16,-4.602289971524283,2.370960199677569,0.052245170716484074,-9.249286571670213,0.04470662862164687,Low,1593
T17,1.4236319307961791,4.494926734313554,0.7514562851612129,-7.386262581604627,10.233526443196986,Low,1593
T18,2.317704103771799,5.083955146397053,0.6484719392849724,-7.646664882183483,12.282073089727081,Low,1593
T19,-0.8613961395911742,3.2598213050582445,0.7915900367724179,-7.25052849354169,5.527736214359342,Low,1593
T2,-0.7317715712733373,3.272071670941479,0.8230361371865245,-7.144914201152432,5.681371058605757,Low,1593
T20,-1.5199437470724153,4.794772546418471,0.751243467761577,-10.917525252114025,7.877637757969194,Low,1593
T21,-1.1765403608651135,2.4150862040458803,0.6261429055650185,-5.91002234035459,3.556941618624364,Low,1593
T22,-4.2930259601127485,3.4787131853892292,0.21717142528323474,-11.111178516020246,2.525126595794749,Low,1593
T23,1.0282186108860882,3.4805684337756917,0.767675452423731,-5.793570165041252,7.850007386813428,Low,1593
T24,-4.208193520401041,3.736896360643806,0.26011475325912536,-11.532375801221702,3.1159887604196204,Low,1593
T25,-2.763828281594547,2.2113880975778075,0.21136676083421502,-7.098069308687596,1.5704127454985022,Low,1593
T26,-2.4166644024160244,3.013189633667466,0.422536387921311,-8.322407562993698,3.4890787581616487,Low,1593
T27,-3.6370999690718655,3.028352524306072,0.2297449777588435,-9.572561849202724,2.2983619110589943,Low,1593
T28,-3.8648426793941084,2.6162128532790687,0.13960430896286102,-8.992525647711854,1.2628402889236385,Low,1593
T29,-2.6121747655133447,2.0484725709664917,0.20224493180418301,-6.627107227925839,1.4027576968991493,Low,1593
T3,-0.6199384470384102,2.7031333574111938,0.8186041365035353,-5.917982472973187,4.678105578896367,Low,1593
T30,2.8513459762778663,4.354924730172918,0.5126347885995186,-5.684149650243867,11.3868416027996,Low,1593
T31,-4.624281249762401,3.117410597908243,0.13797546133159622,-10.734293746686033,1.4857312471612314,Low,1593
T32,4.700230691004925,6.435812438010391,0.465191932809362,-7.91372989875036,17.31419128076021,Low,1593
T4,-4.516144381708073,2.3357921659365446,0.053180417045331295,-9.094212902314506,0.06192413889835979,Low,1593
T5,0.8308443764812599,3.6226219121803336,0.8185977439526654,-6.269364100997816,7.931052853960336,Low,1593
T6,0.8919080707718128,2.7673529980543394,0.7472281158056084,-4.532004137923634,6.31582027946726,Low,1593
T7,0.46546826578870193,3.1940053092192193,0.8841330862178917,-5.794667106710687,6.72560363828809,Low,1593
T8,-5.298815723416884,3.5473578185510775,0.1352446613489765,-12.251509288053569,1.6538778412198,Low,1593
T9,0.36061409735894223,1.944119637520835,0.852844986927813,-3.449790373818959,4.1710185685368435,Low,1593
T1,-0.2689699077369401,2.55429284456473,0.9161368710569813,-5.275291889052177,4.737352073578297,High,1593
T10,-1.0460316348407304,2.6667427026241377,0.6948730021435997,-6.272751288019048,4.180688018337587,High,1593
T11,-1.525032906648411,3.691635925054484,0.6795297561746938,-8.760506363789405,5.710440550492583,High,1593
T12,1.0382031110059717,1.8428998898613334,0.5731945608510916,-2.5738143002350737,4.650220522247017,High,1593
T13,-0.5131259708418616,2.5892062172862396,0.8429051163387653,-5.587876905270081,4.5616249635863575,High,1593
T14,0.48742133658721354,2.397448831152135,0.8388940390755607,-4.21149202724862,5.186334700423047,High,1593
T15,-1.7689057036865847,1.7018305639640885,0.29861245700984307,-5.104432316845687,1.5666209094725176,High,1593
T16,-0.7986098418095473,2.132857953305813,0.7080830880597826,-4.978934614428753,3.3817149308096583,High,1593
T17,-3.8867160632411,3.8960112327293133,0.3184664808820845,-11.522757762754054,3.749325636271853,High,1593
T18,-1.7891050974862148,2.8689758107962025,0.5328876129869878,-7.412194359163372,3.8339841641909427,High,1593
T19,-0.6181417172650345,2.9935004055918557,0.836404569797116,-6.485294699931116,5.249011265401047,High,1593
T2,-0.05989934697141486,2.1091680847563294,0.9773435124154264,-4.193792830435145,4.073994136492315,High,1593
T20,0.8136466191792504,1.9688561503848394,0.67941720200296,-3.045240526315211,4.672533764673712,High,1593
T21,1.0613925570136633,2.7724890354807687,0.701845661150102,-4.372586100060835,6.495371214088162,High,1593
T22,-1.4523644977983392,3.8567452393313775,0.7064874151835288,-9.01144626443415,6.106717268837471,High,1593
T23,-0.9314473544127893,2.7626020828009508,0.735993987162816,-6.346047940317993,4.483153231492414,High,1593
T24,-2.1243558719354336,3.0917676422438825,0.4920192403942284,-8.18410909929976,3.9353973554288944,High,1593
T25,0.9526542284813466,2.307626886708956,0.6797322429595987,-3.5702113592244986,5.475519816187192,High,1593
T26,0.12069692581368052,2.250423510196573,0.9572275777048536,-4.290052104133809,4.53144595576117,High,1593
T27,-0.6328621419632023,2.6168529745058753,0.8089034269881158,-5.7617997248312305,4.496075440904826,High,1593
T28,3.076030475006206,2.5333564322070625,0.2246669759883576,-1.889256892122523,8.041317842134935,High,1593
T29,0.5936461422792227,2.0263384471172645,0.7695489424977195,-3.377904234559437,4.565196519117882,High,1593
T3,0.17632123585037096,2.1108539732609426,0.9334295202023744,-3.9608765283643512,4.313519000065093,High,1593
T30,0.4887308098012655,2.3264367812446975,0.8336075930097333,-4.07100149374763,5.048463113350161,High,1593
T31,-0.8613401693103242,2.3618284402341994,0.7153412577412817,-5.490438849831767,3.7677585112111185,High,1593
T32,-0.46791099325428664,4.110815272089567,0.9093770129784936,-8.52496087364706,7.589138887138488,High,1593
T4,0.91684154060908,2.4265345090226154,0.7055495359479669,-3.839078704318829,5.672761785536989,High,1593
T5,-4.816603650420081,7.16220748784803,0.5012637416553993,-18.85427237640532,9.221065075565155,High,1593
T6,-5.400885036655426,2.5925424805133916,0.03722946380703214,-10.482174926851808,-0.31959514645904363,High,1593
T7,1.249814969981542,2.177114618879388,0.5659208122911297,-3.0172512732377053,5.516881213200789,High,1593
T8,-2.309759745041606,2.7653331341982312,0.4035738596997652,-7.729713093325407,3.1101936032421955,High,1593
T9,-2.027293123526393,2.375950764996025,0.39351761647190675,-6.684071051958992,2.6294848049062063,High,1593
