analysis_id,term,estimate,std_error,statistic,p_value,conf_low,conf_high
H1,Intercept,2.3431463945603435,1.018425454844188,2.300753956428582,0.02140554235735853,0.34706918212691185,4.339223606993775
H1,"C(arm_code, Treatment(reference='T0'))[T.T1]",-1.8305858986967563,1.612092556251855,-1.1355339937508937,0.2561516471564188,-4.9902292486955035,1.329057451301991
H1,"C(arm_code, Treatment(reference='T0'))[T.T10]",-1.6845724902847512,1.7111302703091482,-0.9844793932494696,0.3248798585788041,-5.038326192946969,1.6691812123774667
H1,"C(arm_code, Treatment(reference='T0'))[T.T11]",-0.5163159107308579,2.3392491829866766,-0.22071864531834215,0.8253115126167064,-5.101160060249491,4.068528238787774
H1,"C(arm_code, Treatment(reference='T0'))[T.T12]",0.3353149449542272,1.4282636285339627,0.23477104524352435,0.8143864422338749,-2.464030327400834,3.1346602173092886
H1,"C(arm_code, Treatment(reference='T0'))[T.T13]",-0.9754414501658148,1.7845119381427197,-0.5466152561473098,0.5846430856026789,-4.473020578907314,2.5221376785756844
H1,"C(arm_code, Treatment(reference='T0'))[T.T14]",1.481722541558478,1.835053778274955,0.8074545602425742,0.41940464379935327,-2.1149167735545835,5.07836185667154
H1,"C(arm_code, Treatment(reference='T0'))[T.T15]",-1.3818774992205,1.165676311863909,-1.1854727467275086,0.23583058389295364,-3.666561088105242,0.902806089664242
H1,"C(arm_code, Treatment(reference='T0'))[T.T16]",-2.7354193894703456,1.60407235543696,-1.7052967593380157,0.08813909168850047,-5.87934343472312,0.40850465578242856
H1,"C(arm_code, Treatment(reference='T0'))[T.T17]",-1.1448992298691087,2.9842243632850596,-0.38365052036797725,0.7012374902235986,-6.9938715036948,4.704073043956582
H1,"C(arm_code, Treatment(reference='T0'))[T.T18]",0.6761861085751928,3.1485103566291723,0.21476381907129077,0.8299514628589835,-5.494780795369347,6.847153012519732
H1,"C(arm_code, Treatment(reference='T0'))[T.T19]",-0.7701646451492605,2.1970796906805306,-0.35054015037147207,0.7259333635588612,-5.076361710047503,3.536032419748982
H1,"C(arm_code, Treatment(reference='T0'))[T.T2]",-0.23174863772982768,1.7986837651182728,-0.12884345888038246,0.897481516888263,-3.7571040369385442,3.293606761478889
H1,"C(arm_code, Treatment(reference='T0'))[T.T20]",-0.48769219996111257,2.6741676713731217,-0.18237158618804714,0.8552911227961325,-5.728964524473774,4.753580124551549
H1,"C(arm_code, Treatment(reference='T0'))[T.T21]",-0.20619646758004517,1.7785375634375904,-0.11593596436698521,0.9077032924273319,-3.692066037069344,3.2796731019092538
H1,"C(arm_code, Treatment(reference='T0'))[T.T22]",-2.748624856856301,2.5967753234507804,-1.058476192389156,0.2898383991481811,-7.838210966762181,2.3409612530495787
H1,"C(arm_code, Treatment(reference='T0'))[T.T23]",0.05587096893754051,2.1748298802439483,0.025689811164114375,0.9795047506896472,-4.206717268842157,4.318459206717238
H1,"C(arm_code, Treatment(reference='T0'))[T.T24]",-3.179471408292594,2.42154545689754,-1.3129926589798984,0.18918542185297582,-7.925613290738362,1.5666704741531738
H1,"C(arm_code, Treatment(reference='T0'))[T.T25]",-0.5562133365334565,1.5836018080960332,-0.3512330774629467,0.7254134967154362,-3.6600158462541916,2.547589173187279
H1,"C(arm_code, Treatment(reference='T0'))[T.T26]",-1.3260392651527813,1.9783784178166026,-0.6702657354179176,0.5026884057784957,-5.203589711864657,2.551511181559095
H1,"C(arm_code, Treatment(reference='T0'))[T.T27]",-2.397582394253095,2.0257812547997225,-1.1835346923921113,0.2365973056812989,-6.368040694216909,1.5728759057107196
H1,"C(arm_code, Treatment(reference='T0'))[T.T28]",-0.5312632594022011,1.8888663142691995,-0.28126038110206136,0.7785106955086687,-4.2333732069807475,3.1708466881763453
H1,"C(arm_code, Treatment(reference='T0'))[T.T29]",-0.5806095335368968,1.4265395942909687,-0.4070055509573686,0.684003911227194,-3.376575760867576,2.2153566937937823
H1,"C(arm_code, Treatment(reference='T0'))[T.T3]",-0.1414410135536288,1.6771922461208766,-0.08433202209273453,0.932792453128668,-3.4286774111003853,3.1457953839931276
H1,"C(arm_code, Treatment(reference='T0'))[T.T30]",1.4337228758878129,2.2308448482726173,0.6426815728570142,0.520430740308355,-2.9386526818232386,5.806098433598864
H1,"C(arm_code, Treatment(reference='T0'))[T.T31]",-2.5929134613246347,1.9459222676293602,-1.3324856313420361,0.18270065995464546,-6.406851022592694,1.2210240999434236
H1,"C(arm_code, Treatment(reference='T0'))[T.T32]",1.011696794091859,3.4154309033892303,0.2962135152808752,0.7670670280469987,-5.6824247682361335,7.705818356419851
H1,"C(arm_code, Treatment(reference='T0'))[T.T4]",-1.8369092874418813,1.6833533352799714,-1.0912202738092243,0.2751759690403701,-5.1362211978460035,1.4624026229622409
H1,"C(arm_code, Treatment(reference='T0'))[T.T5]",-1.6787626603981436,3.79243015522129,-0.4426614576109938,0.6580106245338272,-9.111789178515519,5.754263857719232
H1,"C(arm_code, Treatment(reference='T0'))[T.T6]",-2.0828064327733387,1.9173813566790703,-1.0862765643975942,0.2773566522323946,-5.840804836492864,1.6751919709461864
H1,"C(arm_code, Treatment(reference='T0'))[T.T7]",0.8229117101284333,2.05716504699732,0.4000222108233717,0.6891401576859442,-3.2090576922409615,4.854881112497829
H1,"C(arm_code, Treatment(reference='T0'))[T.T8]",-3.794367662899366,2.229377803330457,-1.7019850369152225,0.08875817327286999,-8.163867865360082,0.5751325395613502
H1,"C(arm_code, Treatment(reference='T0'))[T.T9]",-0.6809279283246157,1.5136708889090351,-0.4498520340940087,0.6528171355248045,-3.647668355033054,2.285812498383822
H1,pre_ap,0.9388296708021551,0.00824204187155096,113.9074134096202,0.0,0.9226755655748441,0.954983776029466
