analysis_id,arm_code,arm_label,estimate,std_error,p_value,conf_low,conf_high,n_arm,n_arm_eligible,mean_control,mean_arm,p_directional,supported
H2:T1,T1,Cooperation infographic,0.03562698825013533,0.08453527136756979,0.6734299854877327,-0.1300590990536215,0.20131307555389216,89,89,2.7393162393162394,2.9353932584269664,0.6734299854877327,False
H2:T2,T2,Bipartisan bills graph,0.03967697740110583,0.0769115998256155,0.6059398465163359,-0.11106698825045765,0.19042094305266932,107,107,2.7393162393162394,3.0062305295950154,0.6059398465163359,False
H2:T3,T3,Bipartisan elite quotes,-0.11312068783160228,0.08924972461650574,0.20498992914020497,-0.2880469337100714,0.061805558046866854,95,95,2.7393162393162394,2.6,0.20498992914020497,False
H2:T4,T4,Shared values exercise,-0.039949459814970514,0.08589891309644214,0.6418775582054936,-0.20830823579513308,0.12840931616519208,77,77,2.7393162393162394,2.7803030303030303,0.6418775582054936,False
H2:T5,T5,Cross-partisan dialogue guide,-0.12128092414847705,0.09363096971073628,0.195214074082239,-0.3047942526190809,0.06223240432212676,65,65,2.7393162393162394,2.746153846153846,0.195214074082239,False
H2:T6,T6,Meta-dehumanization correction,-0.03705327244746703,0.06430065320996496,0.5644459924700711,-0.16308023692139817,0.0889736920264641,223,223,2.7393162393162394,2.9936472346786243,0.5644459924700711,False
H2:T7,T7,Perception survey (form),0.10680029235334398,0.09138925438934271,0.24255243597450327,-0.07231935482373678,0.2859199395304247,85,85,2.7393162393162394,2.8588235294117648,0.24255243597450327,False
H2:T8,T8,Common-ground articles,0.02360952479998446,0.12128994555756487,0.8456641371777978,-0.2141144001796666,0.2613334497796355,67,67,2.7393162393162394,2.873134328358209,0.8456641371777978,False
H2:T9,T9,Patriotic article,-0.05716006464409473,0.059110382446518166,0.33354128663189253,-0.17301428535165894,0.05869415606346948,331,331,2.7393162393162394,2.809667673716012,0.33354128663189253,False
H2:T10,T10,14th Amendment video,-0.08240747368644818,0.07608632588415128,0.27877352295554736,-0.23153393213536236,0.06671898476246599,60,60,2.7393162393162394,2.6375,0.27877352295554736,False
H2:T11,T11,Congressional softball video,0.0544320919549906,0.08721108673303742,0.5325344096217766,-0.11649849709436166,0.22536268100434287,63,63,2.7393162393162394,2.6468253968253967,0.5325344096217766,False
H2:T12,T12,iSideWith quiz,0.0011180992815045254,0.0867828883505607,0.9897204450003201,-0.16897323635995506,0.17120943492296412,62,62,2.7393162393162394,2.7903225806451615,0.9897204450003201,False
H2:T13,T13,Rick and Morty perspective-taking,-0.061487063992598456,0.09533605544403741,0.5189590781459273,-0.24834229909102554,0.12536817110582862,57,57,2.7393162393162394,2.789473684210526,0.5189590781459273,False
H2:T14,T14,Brené Brown empathy video,-0.09655986922193383,0.07456927166589124,0.19535417634551122,-0.24271295604046378,0.04959321759659613,164,164,2.7393162393162394,2.7728658536585367,0.19535417634551122,False
H2:T15,T15,Perception gap video,-0.0064369265593494235,0.05531795593275086,0.9073653843140428,-0.11485812788591492,0.10198427476721607,646,646,2.7393162393162394,2.8088235294117645,0.9073653843140428,False
H2:T16,T16,'What makes an American' video,0.036865698257473795,0.07394689439039166,0.6181014484435831,-0.10806755151628081,0.1817989480312284,150,150,2.7393162393162394,3.116111111111111,0.6181014484435831,False
H2:T17,T17,McCain defends Obama video,0.17350887086402547,0.08111272245975304,0.032426925304276016,0.014530856154916366,0.33248688557313455,86,86,2.7393162393162394,3.183139534883721,0.032426925304276016,True
H2:T18,T18,Egyptian revolution video,-0.0052267293223582645,0.08145774671701628,0.9488389142792513,-0.16488097914949598,0.15442752050477945,72,72,2.7393162393162394,2.9965277777777777,0.9488389142792513,False
H2:T19,T19,Cross-partisan friendship TED talk,0.04757045438633817,0.10900997630118045,0.6625565159838482,-0.16608517311954032,0.26122608189221663,68,68,2.7393162393162394,2.849264705882353,0.6625565159838482,False
H2:T20,T20,American history video,-0.06608137749254211,0.08104124996118475,0.41484096759611977,-0.2249193086785723,0.09275655369348806,66,66,2.7393162393162394,2.7992424242424243,0.41484096759611977,False
H2:T21,T21,Party-tailored videos,-0.11169393166975189,0.12861733823985896,0.38516418279052556,-0.36377928240728175,0.14039141906777797,68,68,2.7393162393162394,2.4779411764705883,0.38516418279052556,False
H2:T22,T22,Jubilee free speech panel,-0.07575293388123763,0.09925815119755074,0.44534945811328963,-0.27029533540046835,0.11878946763799306,50,50,2.7393162393162394,3.0283333333333333,0.44534945811328963,False
H2:T23,T23,Jubilee video,0.0012972960383527132,0.07347923360281271,0.9859138608692735,-0.14271935543476552,0.14531394751147095,123,123,2.7393162393162394,2.957317073170732,0.9859138608692735,False
H2:T24,T24,Media-profits-from-division image,0.16163253563943156,0.09727707972907693,0.09659931501338938,-0.02902703715079058,0.3522921084296537,98,98,2.7393162393162394,2.989795918367347,0.09659931501338938,False
H2:T25,T25,Shared priorities (Pew) table,0.014102555461979555,0.10323952387806502,0.8913466970297991,-0.18824319312009083,0.21644830404404994,65,65,2.7393162393162394,2.9115384615384614,0.8913466970297991,False
H2:T26,T26,Bipartisan legislation examples,-0.0489416753748706,0.08201421881204561,0.5506768263247782,-0.20968659046666738,0.11180323971692618,67,67,2.7393162393162394,2.623134328358209,0.5506768263247782,False
H2:T27,T27,Common threat (Russia),0.028318305365471252,0.09335629145606415,0.7616339660434117,-0.15465666361863886,0.21129327434958137,76,76,2.7393162393162394,3.0197368421052633,0.7616339660434117,False
H2:T28,T28,Pro-democracy excerpt,-0.14518928838669556,0.13276411472663077,0.2741355635544064,-0.40540217169023574,0.11502359491684458,56,56,2.7393162393162394,2.6339285714285716,0.2741355635544064,False
H2:T29,T29,Biden–DeSantis cooperation,-0.11910918862076625,0.10320756942700425,0.24846976766030648,-0.3213923076296118,0.08317393038807927,77,77,2.7393162393162394,2.707792207792208,0.24846976766030648,False
H2:T30,T30,"Scandals, both parties (labeled)",-0.010151413490324224,0.08386234471498805,0.9036525969592621,-0.17451858879078375,0.1542157618101353,140,140,2.7393162393162394,2.875,0.9036525969592621,False
H2:T31,T31,Scandals (labels revealed later),-0.02838667992189918,0.08834895446100936,0.747981676816853,-0.2015474487372469,0.1447740888934485,72,72,2.7393162393162394,2.6909722222222223,0.747981676816853,False
H2:T32,T32,Perception gap quiz,0.04769081888879553,0.10748450212471417,0.6572598634836728,-0.16297493417186315,0.2583565719494542,55,55,2.7393162393162394,3.1045454545454545,0.6572598634836728,False
