analysis_id,outcome,formula,cov_type,estimate,std_error,p_value,n,mean_control,mean_treated,direction,p_directional,n_eligible,n_control,supported,term,arm,weights,tau2,i2,pooled_method,k_arms
H1:T1,post_ap,"post_ap ~ C(arm_code, Treatment(reference='T0')) + pre_ap",HC2,-1.8305858986967563,1.612092556251855,0.2561516471564188,3186,37.81283422459893,26.835443037974684,negative,0.1280758235782094,3186,187,False,"C(arm_code, Treatment(reference='T0'))[T.T1]",T1,ipw_weight,,,,
H1:T2,post_ap,"post_ap ~ C(arm_code, Treatment(reference='T0')) + pre_ap",HC2,-0.23174863772982768,1.7986837651182728,0.897481516888263,3186,37.81283422459893,41.47674418604651,negative,0.4487407584441315,3186,187,False,"C(arm_code, Treatment(reference='T0'))[T.T2]",T2,ipw_weight,,,,
H1:T3,post_ap,"post_ap ~ C(arm_code, Treatment(reference='T0')) + pre_ap",HC2,-0.1414410135536288,1.6771922461208766,0.932792453128668,3186,37.81283422459893,39.02469135802469,negative,0.466396226564334,3186,187,False,"C(arm_code, Treatment(reference='T0'))[T.T3]",T3,ipw_weight,,,,
H1:T4,post_ap,"post_ap ~ C(arm_code, Treatment(reference='T0')) + pre_ap",HC2,-1.8369092874418813,1.6833533352799714,0.2751759690403701,3186,37.81283422459893,30.578125,negative,0.13758798452018506,3186,187,False,"C(arm_code, Treatment(reference='T0'))[T.T4]",T4,ipw_weight,,,,
H1:T5,post_ap,"post_ap ~ C(arm_code, Treatment(reference='T0')) + pre_ap",HC2,-1.6787626603981436,3.79243015522129,0.6580106245338272,3186,37.81283422459893,27.82456140350877,negative,0.3290053122669136,3186,187,False,"C(arm_code, Treatment(reference='T0'))[T.T5]",T5,ipw_weight,,,,
H1:T6,post_ap,"post_ap ~ C(arm_code, Treatment(reference='T0')) + pre_ap",HC2,-2.0828064327733387,1.9173813566790703,0.2773566522323946,3186,37.81283422459893,28.978378378378377,negative,0.1386783261161973,3186,187,False,"C(arm_code, Treatment(reference='T0'))[T.T6]",T6,ipw_weight,,,,
H1:T7,post_ap,"post_ap ~ C(arm_code, Treatment(reference='T0')) + pre_ap",HC2,0.8229117101284333,2.05716504699732,0.6891401576859442,3186,37.81283422459893,29.492957746478872,negative,0.6554299211570279,3186,187,False,"C(arm_code, Treatment(reference='T0'))[T.T7]",T7,ipw_weight,,,,
H1:T8,post_ap,"post_ap ~ C(arm_code, Treatment(reference='T0')) + pre_ap",HC2,-3.794367662899366,2.229377803330457,0.08875817327286999,3186,37.81283422459893,31.089285714285715,negative,0.04437908663643499,3186,187,True,"C(arm_code, Treatment(reference='T0'))[T.T8]",T8,ipw_weight,,,,
H1:T9,post_ap,"post_ap ~ C(arm_code, Treatment(reference='T0')) + pre_ap",HC2,-0.6809279283246157,1.5136708889090351,0.6528171355248045,3186,37.81283422459893,32.02909090909091,negative,0.32640856776240224,3186,187,False,"C(arm_code, Treatment(reference='T0'))[T.T9]",T9,ipw_weight,,,,
H1:T10,post_ap,"post_ap ~ C(arm_code, Treatment(reference='T0')) + pre_ap",HC2,-1.6845724902847512,1.7111302703091482,0.3248798585788041,3186,37.81283422459893,25.245283018867923,negative,0.16243992928940204,3186,187,False,"C(arm_code, Treatment(reference='T0'))[T.T10]",T10,ipw_weight,,,,
H1:T11,post_ap,"post_ap ~ C(arm_code, Treatment(reference='T0')) + pre_ap",HC2,-0.5163159107308579,2.3392491829866766,0.8253115126167064,3186,37.81283422459893,33.339622641509436,negative,0.4126557563083532,3186,187,False,"C(arm_code, Treatment(reference='T0'))[T.T11]",T11,ipw_weight,,,,
H1:T12,post_ap,"post_ap ~ C(arm_code, Treatment(reference='T0')) + pre_ap",HC2,0.3353149449542272,1.4282636285339627,0.8143864422338749,3186,37.81283422459893,34.06666666666667,negative,0.5928067788830625,3186,187,False,"C(arm_code, Treatment(reference='T0'))[T.T12]",T12,ipw_weight,,,,
H1:T13,post_ap,"post_ap ~ C(arm_code, Treatment(reference='T0')) + pre_ap",HC2,-0.9754414501658148,1.7845119381427197,0.5846430856026789,3186,37.81283422459893,28.069767441860463,negative,0.29232154280133943,3186,187,False,"C(arm_code, Treatment(reference='T0'))[T.T13]",T13,ipw_weight,,,,
H1:T14,post_ap,"post_ap ~ C(arm_code, Treatment(reference='T0')) + pre_ap",HC2,1.481722541558478,1.835053778274955,0.41940464379935327,3186,37.81283422459893,35.26865671641791,negative,0.7902976781003234,3186,187,False,"C(arm_code, Treatment(reference='T0'))[T.T14]",T14,ipw_weight,,,,
H1:T15,post_ap,"post_ap ~ C(arm_code, Treatment(reference='T0')) + pre_ap",HC2,-1.3818774992205,1.165676311863909,0.23583058389295364,3186,37.81283422459893,36.385356454720615,negative,0.11791529194647682,3186,187,False,"C(arm_code, Treatment(reference='T0'))[T.T15]",T15,ipw_weight,,,,
H1:T16,post_ap,"post_ap ~ C(arm_code, Treatment(reference='T0')) + pre_ap",HC2,-2.7354193894703456,1.60407235543696,0.08813909168850047,3186,37.81283422459893,31.302325581395348,negative,0.044069545844250234,3186,187,True,"C(arm_code, Treatment(reference='T0'))[T.T16]",T16,ipw_weight,,,,
H1:T17,post_ap,"post_ap ~ C(arm_code, Treatment(reference='T0')) + pre_ap",HC2,-1.1448992298691087,2.9842243632850596,0.7012374902235986,3186,37.81283422459893,32.51315789473684,negative,0.3506187451117993,3186,187,False,"C(arm_code, Treatment(reference='T0'))[T.T17]",T17,ipw_weight,,,,
H1:T18,post_ap,"post_ap ~ C(arm_code, Treatment(reference='T0')) + pre_ap",HC2,0.6761861085751928,3.1485103566291723,0.8299514628589835,3186,37.81283422459893,27.982142857142858,negative,0.5850242685705083,3186,187,False,"C(arm_code, Treatment(reference='T0'))[T.T18]",T18,ipw_weight,,,,
H1:T19,post_ap,"post_ap ~ C(arm_code, Treatment(reference='T0')) + pre_ap",HC2,-0.7701646451492605,2.1970796906805306,0.7259333635588612,3186,37.81283422459893,38.96969696969697,negative,0.3629666817794306,3186,187,False,"C(arm_code, Treatment(reference='T0'))[T.T19]",T19,ipw_weight,,,,
H1:T20,post_ap,"post_ap ~ C(arm_code, Treatment(reference='T0')) + pre_ap",HC2,-0.48769219996111257,2.6741676713731217,0.8552911227961325,3186,37.81283422459893,37.333333333333336,negative,0.42764556139806625,3186,187,False,"C(arm_code, Treatment(reference='T0'))[T.T20]",T20,ipw_weight,,,,
H1:T21,post_ap,"post_ap ~ C(arm_code, Treatment(reference='T0')) + pre_ap",HC2,-0.20619646758004517,1.7785375634375904,0.9077032924273319,3186,37.81283422459893,25.92063492063492,negative,0.45385164621366597,3186,187,False,"C(arm_code, Treatment(reference='T0'))[T.T21]",T21,ipw_weight,,,,
H1:T22,post_ap,"post_ap ~ C(arm_code, Treatment(reference='T0')) + pre_ap",HC2,-2.748624856856301,2.5967753234507804,0.2898383991481811,3186,37.81283422459893,34.69230769230769,negative,0.14491919957409055,3186,187,False,"C(arm_code, Treatment(reference='T0'))[T.T22]",T22,ipw_weight,,,,
H1:T23,post_ap,"post_ap ~ C(arm_code, Treatment(reference='T0')) + pre_ap",HC2,0.05587096893754051,2.1748298802439483,0.9795047506896472,3186,37.81283422459893,38.48076923076923,negative,0.5102476246551764,3186,187,False,"C(arm_code, Treatment(reference='T0'))[T.T23]",T23,ipw_weight,,,,
H1:T24,post_ap,"post_ap ~ C(arm_code, Treatment(reference='T0')) + pre_ap",HC2,-3.179471408292594,2.42154545689754,0.18918542185297582,3186,37.81283422459893,32.724137931034484,negative,0.09459271092648791,3186,187,False,"C(arm_code, Treatment(reference='T0'))[T.T24]",T24,ipw_weight,,,,
H1:T25,post_ap,"post_ap ~ C(arm_code, Treatment(reference='T0')) + pre_ap",HC2,-0.5562133365334565,1.5836018080960332,0.7254134967154362,3186,37.81283422459893,35.75409836065574,negative,0.3627067483577181,3186,187,False,"C(arm_code, Treatment(reference='T0'))[T.T25]",T25,ipw_weight,,,,
H1:T26,post_ap,"post_ap ~ C(arm_code, Treatment(reference='T0')) + pre_ap",HC2,-1.3260392651527813,1.9783784178166026,0.5026884057784957,3186,37.81283422459893,27.74137931034483,negative,0.25134420288924786,3186,187,False,"C(arm_code, Treatment(reference='T0'))[T.T26]",T26,ipw_weight,,,,
H1:T27,post_ap,"post_ap ~ C(arm_code, Treatment(reference='T0')) + pre_ap",HC2,-2.397582394253095,2.0257812547997225,0.2365973056812989,3186,37.81283422459893,37.71212121212121,negative,0.11829865284064944,3186,187,False,"C(arm_code, Treatment(reference='T0'))[T.T27]",T27,ipw_weight,,,,
H1:T28,post_ap,"post_ap ~ C(arm_code, Treatment(reference='T0')) + pre_ap",HC2,-0.5312632594022011,1.8888663142691995,0.7785106955086687,3186,37.81283422459893,31.666666666666668,negative,0.38925534775433435,3186,187,False,"C(arm_code, Treatment(reference='T0'))[T.T28]",T28,ipw_weight,,,,
H1:T29,post_ap,"post_ap ~ C(arm_code, Treatment(reference='T0')) + pre_ap",HC2,-0.5806095335368968,1.4265395942909687,0.684003911227194,3186,37.81283422459893,39.04545454545455,negative,0.342001955613597,3186,187,False,"C(arm_code, Treatment(reference='T0'))[T.T29]",T29,ipw_weight,,,,
H1:T30,post_ap,"post_ap ~ C(arm_code, Treatment(reference='T0')) + pre_ap",HC2,1.4337228758878129,2.2308448482726173,0.520430740308355,3186,37.81283422459893,45.12844036697248,negative,0.7397846298458225,3186,187,False,"C(arm_code, Treatment(reference='T0'))[T.T30]",T30,ipw_weight,,,,
H1:T31,post_ap,"post_ap ~ C(arm_code, Treatment(reference='T0')) + pre_ap",HC2,-2.5929134613246347,1.9459222676293602,0.18270065995464546,3186,37.81283422459893,29.25862068965517,negative,0.09135032997732273,3186,187,False,"C(arm_code, Treatment(reference='T0'))[T.T31]",T31,ipw_weight,,,,
H1:T32,post_ap,"post_ap ~ C(arm_code, Treatment(reference='T0')) + pre_ap",HC2,1.011696794091859,3.4154309033892303,0.7670670280469987,3186,37.81283422459893,55.55813953488372,negative,0.6164664859765007,3186,187,False,"C(arm_code, Treatment(reference='T0'))[T.T32]",T32,ipw_weight,,,,
H1:pooled,post_ap,"post_ap ~ C(arm_code, Treatment(reference='T0')) + pre_ap",HC2,-0.9623345852168625,0.3334307385581197,0.0038997338490398604,3186,37.81283422459893,34.0973657885962,negative,0.0019498669245199302,3186,187,True,,pooled,ipw_weight,0.0,0.0,iterated,32.0
H2:T1,post_udp,"post_udp ~ C(arm_code, Treatment(reference='T0')) + pre_udp",HC2,0.056277563190489904,0.09077712376172849,0.535288636517937,3250,2.735602094240838,2.990740740740741,negative,0.7323556817410315,3250,191,False,"C(arm_code, Treatment(reference='T0'))[T.T1]",T1,ipw_weight,,,,
H2:T2,post_udp,"post_udp ~ C(arm_code, Treatment(reference='T0')) + pre_udp",HC2,0.06385180155899499,0.08001128867089183,0.42485023174238856,3250,2.735602094240838,2.971590909090909,negative,0.7875748841288057,3250,191,False,"C(arm_code, Treatment(reference='T0'))[T.T2]",T2,ipw_weight,,,,
H2:T3,post_udp,"post_udp ~ C(arm_code, Treatment(reference='T0')) + pre_udp",HC2,-0.14234901877081782,0.10045522213459654,0.15647137620680987,3250,2.735602094240838,2.534375,negative,0.07823568810340494,3250,191,False,"C(arm_code, Treatment(reference='T0'))[T.T3]",T3,ipw_weight,,,,
H2:T4,post_udp,"post_udp ~ C(arm_code, Treatment(reference='T0')) + pre_udp",HC2,-0.10449107362628654,0.0999340758568507,0.29574573121526304,3250,2.735602094240838,2.7045454545454546,negative,0.14787286560763152,3250,191,False,"C(arm_code, Treatment(reference='T0'))[T.T4]",T4,ipw_weight,,,,
H2:T5,post_udp,"post_udp ~ C(arm_code, Treatment(reference='T0')) + pre_udp",HC2,-0.1283230375216362,0.09147100505198569,0.16065199337598346,3250,2.735602094240838,2.7241379310344827,negative,0.08032599668799173,3250,191,False,"C(arm_code, Treatment(reference='T0'))[T.T5]",T5,ipw_weight,,,,
H2:T6,post_udp,"post_udp ~ C(arm_code, Treatment(reference='T0')) + pre_udp",HC2,-0.023309150574401916,0.07290657969395874,0.7491862237106448,3250,2.735602094240838,3.0185185185185186,negative,0.3745931118553224,3250,191,False,"C(arm_code, Treatment(reference='T0'))[T.T6]",T6,ipw_weight,,,,
H2:T7,post_udp,"post_udp ~ C(arm_code, Treatment(reference='T0')) + pre_udp",HC2,0.17054981377359435,0.1000463476169485,0.08824888846205625,3250,2.735602094240838,2.8424657534246576,negative,0.9558755557689719,3250,191,False,"C(arm_code, Treatment(reference='T0'))[T.T7]",T7,ipw_weight,,,,
H2:T8,post_udp,"post_udp ~ C(arm_code, Treatment(reference='T0')) + pre_udp",HC2,0.025852871697143287,0.14087124367828036,0.8543890191572161,3250,2.735602094240838,2.9210526315789473,negative,0.572805490421392,3250,191,False,"C(arm_code, Treatment(reference='T0'))[T.T8]",T8,ipw_weight,,,,
H2:T9,post_udp,"post_udp ~ C(arm_code, Treatment(reference='T0')) + pre_udp",HC2,-0.06366917215399562,0.06566305363642194,0.33222863410512926,3250,2.735602094240838,2.7670863309352516,negative,0.16611431705256463,3250,191,False,"C(arm_code, Treatment(reference='T0'))[T.T9]",T9,ipw_weight,,,,
H2:T10,post_udp,"post_udp ~ C(arm_code, Treatment(reference='T0')) + pre_udp",HC2,-0.05139133668643005,0.08292651879150169,0.5354412370728556,3250,2.735602094240838,2.5943396226415096,negative,0.2677206185364278,3250,191,False,"C(arm_code, Treatment(reference='T0'))[T.T10]",T10,ipw_weight,,,,
H2:T11,post_udp,"post_udp ~ C(arm_code, Treatment(reference='T0')) + pre_udp",HC2,0.09818537660934104,0.09849249991114599,0.31882190646722897,3250,2.735602094240838,2.7735849056603774,negative,0.8405890467663855,3250,191,False,"C(arm_code, Treatment(reference='T0'))[T.T11]",T11,ipw_weight,,,,
H2:T12,post_udp,"post_udp ~ C(arm_code, Treatment(reference='T0')) + pre_udp",HC2,-0.0045719029582650395,0.09287276542468838,0.9607379196438441,3250,2.735602094240838,2.875,negative,0.48036895982192207,3250,191,False,"C(arm_code, Treatment(reference='T0'))[T.T12]",T12,ipw_weight,,,,
H2:T13,post_udp,"post_udp ~ C(arm_code, Treatment(reference='T0')) + pre_udp",HC2,0.04754440785466123,0.10466441736426912,0.6496447992378009,3250,2.735602094240838,2.983695652173913,negative,0.6751776003810995,3250,191,False,"C(arm_code, Treatment(reference='T0'))[T.T13]",T13,ipw_weight,,,,
H2:T14,post_udp,"post_udp ~ C(arm_code, Treatment(reference='T0')) + pre_udp",HC2,-0.0724606615873074,0.08419652413228423,0.38945097256815997,3250,2.735602094240838,2.7925531914893615,negative,0.19472548628407998,3250,191,False,"C(arm_code, Treatment(reference='T0'))[T.T14]",T14,ipw_weight,,,,
H2:T15,post_udp,"post_udp ~ C(arm_code, Treatment(reference='T0')) + pre_udp",HC2,0.0025296824705676874,0.06262333835201712,0.9677780545135538,3250,2.735602094240838,2.854245283018868,negative,0.5161109727432232,3250,191,False,"C(arm_code, Treatment(reference='T0'))[T.T15]",T15,ipw_weight,,,,
H2:T16,post_udp,"post_udp ~ C(arm_code, Treatment(reference='T0')) + pre_udp",HC2,0.03551200495659311,0.08070661683232741,0.6599272937131003,3250,2.735602094240838,3.125,negative,0.6700363531434499,3250,191,False,"C(arm_code, Treatment(reference='T0'))[T.T16]",T16,ipw_weight,,,,
H2:T17,post_udp,"post_udp ~ C(arm_code, Treatment(reference='T0')) + pre_udp",HC2,0.1009460271220679,0.0861356721037463,0.24122027186264894,3250,2.735602094240838,3.15,negative,0.8793898640686755,3250,191,False,"C(arm_code, Treatment(reference='T0'))[T.T17]",T17,ipw_weight,,,,
H2:T18,post_udp,"post_udp ~ C(arm_code, Treatment(reference='T0')) + pre_udp",HC2,-0.004255917160742695,0.0936155108654626,0.9637393287648384,3250,2.735602094240838,3.0689655172413794,negative,0.4818696643824192,3250,191,False,"C(arm_code, Treatment(reference='T0'))[T.T18]",T18,ipw_weight,,,,
H2:T19,post_udp,"post_udp ~ C(arm_code, Treatment(reference='T0')) + pre_udp",HC2,0.06303883771569199,0.11386775157542478,0.5798427042825722,3250,2.735602094240838,2.9402985074626864,negative,0.7100786478587139,3250,191,False,"C(arm_code, Treatment(reference='T0'))[T.T19]",T19,ipw_weight,,,,
H2:T20,post_udp,"post_udp ~ C(arm_code, Treatment(reference='T0')) + pre_udp",HC2,-0.05398455088268461,0.08868420434323263,0.5427048002253188,3250,2.735602094240838,2.8333333333333335,negative,0.2713524001126594,3250,191,False,"C(arm_code, Treatment(reference='T0'))[T.T20]",T20,ipw_weight,,,,
H2:T21,post_udp,"post_udp ~ C(arm_code, Treatment(reference='T0')) + pre_udp",HC2,-0.09292448855686847,0.1427951890456728,0.5152055333071832,3250,2.735602094240838,2.4745762711864407,negative,0.2576027666535916,3250,191,False,"C(arm_code, Treatment(reference='T0'))[T.T21]",T21,ipw_weight,,,,
H2:T22,post_udp,"post_udp ~ C(arm_code, Treatment(reference='T0')) + pre_udp",HC2,-0.05017714016030472,0.11940171970745159,0.6743115956799391,3250,2.735602094240838,3.0,negative,0.3371557978399696,3250,191,False,"C(arm_code, Treatment(reference='T0'))[T.T22]",T22,ipw_weight,,,,
H2:T23,post_udp,"post_udp ~ C(arm_code, Treatment(reference='T0')) + pre_udp",HC2,0.016007954068114248,0.07384021471354174,0.8283705920125046,3250,2.735602094240838,2.9369158878504673,negative,0.5858147039937477,3250,191,False,"C(arm_code, Treatment(reference='T0'))[T.T23]",T23,ipw_weight,,,,
H2:T24,post_udp,"post_udp ~ C(arm_code, Treatment(reference='T0')) + pre_udp",HC2,0.16214660586061613,0.1160790319562892,0.16245451105411624,3250,2.735602094240838,3.0543478260869565,negative,0.9187727444729419,3250,191,False,"C(arm_code, Treatment(reference='T0'))[T.T24]",T24,ipw_weight,,,,
H2:T25,post_udp,"post_udp ~ C(arm_code, Treatment(reference='T0')) + pre_udp",HC2,0.02054880590618202,0.10934960047448421,0.8509405903032976,3250,2.735602094240838,2.865079365079365,negative,0.5745297048483512,3250,191,False,"C(arm_code, Treatment(reference='T0'))[T.T25]",T25,ipw_weight,,,,
H2:T26,post_udp,"post_udp ~ C(arm_code, Treatment(reference='T0')) + pre_udp",HC2,-0.038083306146214135,0.09507724517591351,0.6887505689448272,3250,2.735602094240838,2.639830508474576,negative,0.3443752844724136,3250,191,False,"C(arm_code, Treatment(reference='T0'))[T.T26]",T26,ipw_weight,,,,
H2:T27,post_udp,"post_udp ~ C(arm_code, Treatment(reference='T0')) + pre_udp",HC2,0.08499253568118215,0.09765376962820256,0.38411152710295304,3250,2.735602094240838,3.075,negative,0.8079442364485234,3250,191,False,"C(arm_code, Treatment(reference='T0'))[T.T27]",T27,ipw_weight,,,,
H2:T28,post_udp,"post_udp ~ C(arm_code, Treatment(reference='T0')) + pre_udp",HC2,-0.17741562915604686,0.16036029900179244,0.2685723266673897,3250,2.735602094240838,2.65,negative,0.13428616333369486,3250,191,False,"C(arm_code, Treatment(reference='T0'))[T.T28]",T28,ipw_weight,,,,
H2:T29,post_udp,"post_udp ~ C(arm_code, Treatment(reference='T0')) + pre_udp",HC2,-0.07914025285424439,0.12300582759502418,0.5199735311085762,3250,2.735602094240838,2.7857142857142856,negative,0.2599867655542881,3250,191,False,"C(arm_code, Treatment(reference='T0'))[T.T29]",T29,ipw_weight,,,,
H2:T30,post_udp,"post_udp ~ C(arm_code, Treatment(reference='T0')) + pre_udp",HC2,0.03178635373035367,0.09908536521669475,0.7483637295257826,3250,2.735602094240838,2.9272727272727272,negative,0.6258181352371087,3250,191,False,"C(arm_code, Treatment(reference='T0'))[T.T30]",T30,ipw_weight,,,,
H2:T31,post_udp,"post_udp ~ C(arm_code, Treatment(reference='T0')) + pre_udp",HC2,-0.05427701605634633,0.09688609044348877,0.5753329735344879,3250,2.735602094240838,2.818548387096774,negative,0.28766648676724393,3250,191,False,"C(arm_code, Treatment(reference='T0'))[T.T31]",T31,ipw_weight,,,,
H2:T32,post_udp,"post_udp ~ C(arm_code, Treatment(reference='T0')) + pre_udp",HC2,0.0704433534801332,0.11774141613843929,0.5496473453172123,3250,2.735602094240838,3.1875,negative,0.7251763273413938,3250,191,False,"C(arm_code, Treatment(reference='T0'))[T.T32]",T32,ipw_weight,,,,
H2:pooled,post_udp,"post_udp ~ C(arm_code, Treatment(reference='T0')) + pre_udp",HC2,-0.0018289676546573777,0.01646985208798234,0.9115771511620503,3250,2.735602094240838,2.875040863027133,negative,0.45578857558102515,3250,191,False,,pooled,ipw_weight,0.0,0.0,iterated,32.0
